{
    "PEModules": [],
    "cycles_program_begin": 2230676478360,
    "LVLData": [
        "SIM"
    ],
    "perf": [
        {
            "stat": [
                "main",
                "entry",
                0.022078990936279297,
                0.039711000000000003,
                0.020364,
                216424,
                216424,
                0.0,
                0.0,
                1624246368.438231,
                2230676732421
            ],
            "sub": [
                {
                    "stat": [
                        "doParsingAndDesignResolution",
                        "entry",
                        0.039092063903808594,
                        0.040884999999999998,
                        0.024944000000000001,
                        222960,
                        223760,
                        0.0,
                        0.0,
                        1624246368.4552441,
                        2230719213247
                    ],
                    "sub": []
                },
                {
                    "stat": [
                        "doParsingAndDesignResolution",
                        "exit",
                        0.41040706634521484,
                        0.401918,
                        0.03508,
                        241436,
                        242732,
                        0.0,
                        0.0,
                        1624246368.8265591,
                        2231647548317
                    ],
                    "sub": []
                },
                {
                    "stat": [
                        "doPostDesignResolutionToVir2Vcs",
                        "entry",
                        0.41156411170959473,
                        0.40214299999999997,
                        0.036012000000000002,
                        241436,
                        242732,
                        0.0,
                        0.0,
                        1624246368.8277161,
                        2231650389323
                    ],
                    "sub": [
                        {
                            "stat": [
                                "doUptoVir2VcsNoSepCleanup",
                                "entry",
                                0.56192708015441895,
                                0.55044499999999996,
                                0.038052999999999997,
                                241440,
                                242732,
                                0.0,
                                0.0,
                                1624246368.9780791,
                                2232026355282
                            ],
                            "sub": []
                        },
                        {
                            "stat": [
                                "doUptoVir2VcsNoSepCleanup",
                                "exit",
                                2.6709630489349365,
                                2.5258080000000001,
                                0.083091999999999999,
                                277052,
                                291748,
                                0.0054679999999999998,
                                0.013396,
                                1624246371.087115,
                                2237298960216
                            ],
                            "sub": []
                        },
                        {
                            "stat": [
                                "doRadify_vir2vcsAll",
                                "entry",
                                2.6710638999938965,
                                2.5259070000000001,
                                0.083095000000000002,
                                277052,
                                291748,
                                0.0054679999999999998,
                                0.013396,
                                1624246371.0872159,
                                2237299116640
                            ],
                            "sub": []
                        },
                        {
                            "stat": [
                                "doRadify_vir2vcsAll",
                                "exit",
                                2.7220299243927002,
                                2.5768719999999998,
                                0.083095000000000002,
                                277052,
                                291748,
                                0.0054679999999999998,
                                0.013396,
                                1624246371.1381819,
                                2237426570149
                            ],
                            "sub": []
                        }
                    ]
                },
                {
                    "stat": [
                        "doPostDesignResolutionToVir2Vcs",
                        "exit",
                        2.7220799922943115,
                        2.576924,
                        0.083095000000000002,
                        277052,
                        291748,
                        0.0054679999999999998,
                        0.013396,
                        1624246371.138232,
                        2237426644846
                    ],
                    "sub": []
                },
                {
                    "stat": [
                        "doGAToPass2",
                        "entry",
                        2.7221090793609619,
                        2.576953,
                        0.083095000000000002,
                        277052,
                        291748,
                        0.0054679999999999998,
                        0.013396,
                        1624246371.1382611,
                        2237426714264
                    ],
                    "sub": [
                        {
                            "stat": [
                                "DoPass2",
                                "entry",
                                2.7666339874267578,
                                2.5907960000000001,
                                0.085096000000000005,
                                272376,
                                291748,
                                0.021763000000000001,
                                0.025989000000000002,
                                1624246371.182786,
                                2237538098747
                            ],
                            "sub": []
                        },
                        {
                            "stat": [
                                "DoPass2",
                                "exit",
                                3.320357084274292,
                                3.0656340000000002,
                                0.16314000000000001,
                                274120,
                                291748,
                                0.021763000000000001,
                                0.025989000000000002,
                                1624246371.7365091,
                                2238922386628
                            ],
                            "sub": []
                        }
                    ]
                },
                {
                    "stat": [
                        "doGAToPass2",
                        "exit",
                        3.3320419788360596,
                        3.075329,
                        0.16512499999999999,
                        273684,
                        291748,
                        0.021763000000000001,
                        0.025989000000000002,
                        1624246371.748194,
                        2238951596985
                    ],
                    "sub": []
                }
            ]
        },
        {
            "stat": [
                "main",
                "exit",
                3.3360459804534912,
                3.0793210000000002,
                0.16513700000000001,
                273676,
                291748,
                0.021763000000000001,
                0.025989000000000002,
                1624246371.752198,
                2238961590922
            ],
            "sub": []
        }
    ],
    "MlibObjs": {},
    "SIMBData": {
        "bytes": 128294,
        "out": "amcQwB.o",
        "text": 0,
        "archive": "archive.0/_26164_archive_1.a"
    },
    "NameTable": {
        "HSR_AOI22_2": [
            "HSR_AOI22_2",
            "bCvG7",
            "module",
            92
        ],
        "convModV3_1_DW_mult_tc_3": [
            "convModV3_1_DW_mult_tc_3",
            "faZyf",
            "module",
            54
        ],
        "tb_topModuleV4": [
            "tb_topModuleV4",
            "Aw9A4",
            "module",
            1
        ],
        "HSR_DX_1": [
            "HSR_DX_1",
            "QSAHT",
            "module",
            104
        ],
        "convModV3_0_DW_mult_tc_12": [
            "convModV3_0_DW_mult_tc_12",
            "F3c9d",
            "module",
            5
        ],
        "HSR_AOI31_0": [
            "HSR_AOI31_0",
            "WwAaQ",
            "module",
            93
        ],
        "convModV3_1_DW_mult_tc_4": [
            "convModV3_1_DW_mult_tc_4",
            "NB0VB",
            "module",
            53
        ],
        "convModV3_0_DW_mult_tc_5": [
            "convModV3_0_DW_mult_tc_5",
            "jhx4P",
            "module",
            19
        ],
        "convModV3_0_DW01_add_12": [
            "convModV3_0_DW01_add_12",
            "DGI7Z",
            "module",
            13
        ],
        "HSR_CLKNAND2_2": [
            "HSR_CLKNAND2_2",
            "h33S7",
            "module",
            96
        ],
        "convModV3_0_DW_mult_tc_14": [
            "convModV3_0_DW_mult_tc_14",
            "Zr9hm",
            "module",
            3
        ],
        "convModV3_1_DW01_add_6": [
            "convModV3_1_DW01_add_6",
            "bzcZu",
            "module",
            60
        ],
        "HSR_INAND2_1": [
            "HSR_INAND2_1",
            "kkK0C",
            "module",
            107
        ],
        "convModV3_0_DW_mult_tc_15": [
            "convModV3_0_DW_mult_tc_15",
            "YrtAL",
            "module",
            2
        ],
        "convModV3_0_DW_mult_tc_1": [
            "convModV3_0_DW_mult_tc_1",
            "kvuM7",
            "module",
            23
        ],
        "convModV3_1_DW01_add_4": [
            "convModV3_1_DW01_add_4",
            "P5nDm",
            "module",
            62
        ],
        "HSR_DQ_2": [
            "HSR_DQ_2",
            "LWiTD",
            "module",
            103
        ],
        "convModV3_0_DW_mult_tc_13": [
            "convModV3_0_DW_mult_tc_13",
            "eHxpL",
            "module",
            4
        ],
        "convModV3_0_DW_mult_tc_11": [
            "convModV3_0_DW_mult_tc_11",
            "TfeHw",
            "module",
            6
        ],
        "HSR_ADH1_2": [
            "HSR_ADH1_2",
            "GIhy2",
            "module",
            80
        ],
        "HSR_AOI211_0": [
            "HSR_AOI211_0",
            "cejZB",
            "module",
            87
        ],
        "HSR_INAND2_0": [
            "HSR_INAND2_0",
            "BrWi8",
            "module",
            106
        ],
        "convModV3_1_DW_mult_tc_5": [
            "convModV3_1_DW_mult_tc_5",
            "jfHn2",
            "module",
            52
        ],
        "convModV3_0_DW_mult_tc_10": [
            "convModV3_0_DW_mult_tc_10",
            "YYts5",
            "module",
            7
        ],
        "HSR_IOA21_0": [
            "HSR_IOA21_0",
            "zjm4q",
            "module",
            115
        ],
        "convModV3_1_DW01_add_1": [
            "convModV3_1_DW01_add_1",
            "PZ3uR",
            "module",
            65
        ],
        "convModV3_0_DW01_add_9": [
            "convModV3_0_DW01_add_9",
            "b8V12",
            "module",
            16
        ],
        "HSR_AOI21_2": [
            "HSR_AOI21_2",
            "HV1bi",
            "module",
            89
        ],
        "convModV3_0_DW_mult_tc_9": [
            "convModV3_0_DW_mult_tc_9",
            "LmV6e",
            "module",
            8
        ],
        "convModV3_0_DW01_add_15": [
            "convModV3_0_DW01_add_15",
            "SHT9Z",
            "module",
            10
        ],
        "HSR_CLKN_0": [
            "HSR_CLKN_0",
            "WqxVY",
            "module",
            98
        ],
        "convModV3_0_DW_mult_tc_6": [
            "convModV3_0_DW_mult_tc_6",
            "CpbAA",
            "module",
            18
        ],
        "HSR_ADH1_1": [
            "HSR_ADH1_1",
            "w5hrf",
            "module",
            79
        ],
        "convModV3_1_DW01_add_14": [
            "convModV3_1_DW01_add_14",
            "KEd0d",
            "module",
            44
        ],
        "convModV3_0_DW_mult_tc_8": [
            "convModV3_0_DW_mult_tc_8",
            "SQ81c",
            "module",
            9
        ],
        "convModV3_1_DW01_add_2": [
            "convModV3_1_DW01_add_2",
            "eFJvB",
            "module",
            64
        ],
        "convModV3_0_DW01_add_5": [
            "convModV3_0_DW01_add_5",
            "IZGmw",
            "module",
            28
        ],
        "convModV3_1_DW01_add_5": [
            "convModV3_1_DW01_add_5",
            "hEVfA",
            "module",
            61
        ],
        "HSR_NOR2_2": [
            "HSR_NOR2_2",
            "FyPGu",
            "module",
            122
        ],
        "convModV3_1_DW_mult_tc_8": [
            "convModV3_1_DW_mult_tc_8",
            "zFVmr",
            "module",
            42
        ],
        "convModV3_0_DW01_add_14": [
            "convModV3_0_DW01_add_14",
            "yDUg2",
            "module",
            11
        ],
        "convModV3_1_DW01_add_13": [
            "convModV3_1_DW01_add_13",
            "GgzjL",
            "module",
            45
        ],
        "convModV3_0_DW01_add_8": [
            "convModV3_0_DW01_add_8",
            "Nka68",
            "module",
            25
        ],
        "HSR_CLKNOR2_0": [
            "HSR_CLKNOR2_0",
            "BuBHJ",
            "module",
            97
        ],
        "HSR_INOR4_1": [
            "HSR_INOR4_1",
            "Gy0ut",
            "module",
            113
        ],
        "convModV3_1_DW_mult_tc_12": [
            "convModV3_1_DW_mult_tc_12",
            "Hxnbr",
            "module",
            38
        ],
        "convModV3_0_DW01_add_13": [
            "convModV3_0_DW01_add_13",
            "y9f0x",
            "module",
            12
        ],
        "HSR_IN_2": [
            "HSR_IN_2",
            "A2e77",
            "module",
            114
        ],
        "convModV3_0_DW01_add_11": [
            "convModV3_0_DW01_add_11",
            "IpNt9",
            "module",
            14
        ],
        "topModuleV4_DW01_inc_0": [
            "topModuleV4_DW01_inc_0",
            "Y65Z5",
            "module",
            68
        ],
        "convModV3_1_DW01_add_10": [
            "convModV3_1_DW01_add_10",
            "JsVLV",
            "module",
            48
        ],
        "convModV3_0_DW01_add_10": [
            "convModV3_0_DW01_add_10",
            "UuKtL",
            "module",
            15
        ],
        "convModV3_0_DW_mult_tc_7": [
            "convModV3_0_DW_mult_tc_7",
            "Yc9MF",
            "module",
            17
        ],
        "HSR_OR2_2": [
            "HSR_OR2_2",
            "jBn5I",
            "module",
            138
        ],
        "convModV3_1_DW01_add_12": [
            "convModV3_1_DW01_add_12",
            "LJyP4",
            "module",
            46
        ],
        "HSR_AND3_0": [
            "HSR_AND3_0",
            "m4Gh4",
            "module",
            83
        ],
        "convModV3_0_DW01_add_3": [
            "convModV3_0_DW01_add_3",
            "eHr8R",
            "module",
            30
        ],
        "convModV3_0_DW_mult_tc_4": [
            "convModV3_0_DW_mult_tc_4",
            "RxxkH",
            "module",
            20
        ],
        "convModV3_1_DW_mult_tc_7": [
            "convModV3_1_DW_mult_tc_7",
            "rBDmh",
            "module",
            50
        ],
        "convModV3_0_DW_mult_tc_3": [
            "convModV3_0_DW_mult_tc_3",
            "ptvwc",
            "module",
            21
        ],
        "convModV3_0_DW_mult_tc_2": [
            "convModV3_0_DW_mult_tc_2",
            "qdHxk",
            "module",
            22
        ],
        "HSR_NAND4_1": [
            "HSR_NAND4_1",
            "tgtUL",
            "module",
            120
        ],
        "convModV3_0_DW_mult_tc_0": [
            "convModV3_0_DW_mult_tc_0",
            "KVf95",
            "module",
            24
        ],
        "convModV3_0_DW01_add_6": [
            "convModV3_0_DW01_add_6",
            "DUHLd",
            "module",
            27
        ],
        "convModV3_0_DW01_add_7": [
            "convModV3_0_DW01_add_7",
            "W2D2n",
            "module",
            26
        ],
        "HSR_AD1_0": [
            "HSR_AD1_0",
            "ZdVZi",
            "module",
            77
        ],
        "HSR_INOR2_2": [
            "HSR_INOR2_2",
            "AuLi3",
            "module",
            111
        ],
        "HSR_XOR3_2": [
            "HSR_XOR3_2",
            "gqPSN",
            "module",
            149
        ],
        "HSR_OAI222_0": [
            "HSR_OAI222_0",
            "eqV1V",
            "module",
            131
        ],
        "convModV3_0_DW01_add_4": [
            "convModV3_0_DW01_add_4",
            "ncqbf",
            "module",
            29
        ],
        "HSR_PULL1_0": [
            "HSR_PULL1_0",
            "dkBwm",
            "module",
            143
        ],
        "convModV3_0_DW01_add_2": [
            "convModV3_0_DW01_add_2",
            "jItS8",
            "module",
            31
        ],
        "convModV3_1_DW_mult_tc_1": [
            "convModV3_1_DW_mult_tc_1",
            "RjA9M",
            "module",
            56
        ],
        "convModV3_1_DW_mult_tc_2": [
            "convModV3_1_DW_mult_tc_2",
            "zaHDk",
            "module",
            55
        ],
        "convModV3_0_DW01_add_1": [
            "convModV3_0_DW01_add_1",
            "g94Th",
            "module",
            32
        ],
        "convModV3_1_DW_mult_tc_9": [
            "convModV3_1_DW_mult_tc_9",
            "Yv3Tv",
            "module",
            41
        ],
        "HSR_OAI222_1": [
            "HSR_OAI222_1",
            "UHFkf",
            "module",
            132
        ],
        "convModV3_0_DW01_add_0": [
            "convModV3_0_DW01_add_0",
            "FyhPw",
            "module",
            33
        ],
        "convModV3_0": [
            "convModV3_0",
            "kwDkS",
            "module",
            34
        ],
        "convModV3_1_DW_mult_tc_15": [
            "convModV3_1_DW_mult_tc_15",
            "F89Rx",
            "module",
            35
        ],
        "convModV3_1_DW_mult_tc_14": [
            "convModV3_1_DW_mult_tc_14",
            "Tvjgp",
            "module",
            36
        ],
        "convModV3_1_DW_mult_tc_13": [
            "convModV3_1_DW_mult_tc_13",
            "Yq73H",
            "module",
            37
        ],
        "convModV3_1_DW_mult_tc_11": [
            "convModV3_1_DW_mult_tc_11",
            "Pgmjz",
            "module",
            39
        ],
        "HSR_NAND4_2": [
            "HSR_NAND4_2",
            "GTDi4",
            "module",
            121
        ],
        "convModV3_1_DW_mult_tc_10": [
            "convModV3_1_DW_mult_tc_10",
            "IrsY9",
            "module",
            40
        ],
        "HSR_CLKXOR2_0": [
            "HSR_CLKXOR2_0",
            "QWfZw",
            "module",
            101
        ],
        "convModV3_1_DW01_add_15": [
            "convModV3_1_DW01_add_15",
            "cQbUa",
            "module",
            43
        ],
        "HSR_NAND2_1": [
            "HSR_NAND2_1",
            "xnDwp",
            "module",
            117
        ],
        "convModV3_1_DW01_add_11": [
            "convModV3_1_DW01_add_11",
            "LP3Au",
            "module",
            47
        ],
        "HSR_BUF_2": [
            "HSR_BUF_2",
            "k1bs8",
            "module",
            95
        ],
        "topModuleV4_DW01_inc_5": [
            "topModuleV4_DW01_inc_5",
            "vfAGi",
            "module",
            72
        ],
        "convModV3_1_DW01_add_9": [
            "convModV3_1_DW01_add_9",
            "NezEJ",
            "module",
            49
        ],
        "convModV3_1_DW_mult_tc_6": [
            "convModV3_1_DW_mult_tc_6",
            "usFiz",
            "module",
            51
        ],
        "HSR_OAI22_0": [
            "HSR_OAI22_0",
            "gerqY",
            "module",
            133
        ],
        "convModV3_1_DW_mult_tc_0": [
            "convModV3_1_DW_mult_tc_0",
            "QP3IF",
            "module",
            57
        ],
        "HSR_AND3_2": [
            "HSR_AND3_2",
            "Gu7gV",
            "module",
            84
        ],
        "HSR_OAI21_0": [
            "HSR_OAI21_0",
            "w8FL9",
            "module",
            128
        ],
        "convModV3_1_DW01_add_8": [
            "convModV3_1_DW01_add_8",
            "EGuri",
            "module",
            58
        ],
        "HSR_AND4_2": [
            "HSR_AND4_2",
            "tZVIv",
            "module",
            86
        ],
        "convModV3_1_DW01_add_7": [
            "convModV3_1_DW01_add_7",
            "hq7Gm",
            "module",
            59
        ],
        "HSR_NOR3_2": [
            "HSR_NOR3_2",
            "qILF2",
            "module",
            124
        ],
        "convModV3_1_DW01_add_3": [
            "convModV3_1_DW01_add_3",
            "GuMRe",
            "module",
            63
        ],
        "topModuleV4_DW01_cmp6_1": [
            "topModuleV4_DW01_cmp6_1",
            "pfRfR",
            "module",
            75
        ],
        "convModV3_1_DW01_add_0": [
            "convModV3_1_DW01_add_0",
            "HWzhL",
            "module",
            66
        ],
        "HSR_OR4_0": [
            "HSR_OR4_0",
            "EkBec",
            "module",
            140
        ],
        "convModV3_1": [
            "convModV3_1",
            "g3r5i",
            "module",
            67
        ],
        "topModuleV4_DW01_inc_1": [
            "topModuleV4_DW01_inc_1",
            "Lzbvb",
            "module",
            69
        ],
        "HSR_XNOR2_0": [
            "HSR_XNOR2_0",
            "P4eYS",
            "module",
            144
        ],
        "topModuleV4_DW01_inc_2": [
            "topModuleV4_DW01_inc_2",
            "DQqJL",
            "module",
            70
        ],
        "topModuleV4_DW01_inc_3": [
            "topModuleV4_DW01_inc_3",
            "uAfZW",
            "module",
            71
        ],
        "topModuleV4_DW01_cmp6_0": [
            "topModuleV4_DW01_cmp6_0",
            "VNQrJ",
            "module",
            73
        ],
        "HSR_INOR2_1": [
            "HSR_INOR2_1",
            "y2HAE",
            "module",
            110
        ],
        "topModuleV4_DW01_add_1": [
            "topModuleV4_DW01_add_1",
            "VnYE5",
            "module",
            74
        ],
        "topModuleV4": [
            "topModuleV4",
            "hLaeK",
            "module",
            76
        ],
        "HSR_AD1_2": [
            "HSR_AD1_2",
            "taWzN",
            "module",
            78
        ],
        "HSR_CLKOR2_0": [
            "HSR_CLKOR2_0",
            "UALbL",
            "module",
            100
        ],
        "HSR_AND2_0": [
            "HSR_AND2_0",
            "isxT7",
            "module",
            81
        ],
        "HSR_AND2_2": [
            "HSR_AND2_2",
            "PxwvP",
            "module",
            82
        ],
        "HSR_IAO21_2": [
            "HSR_IAO21_2",
            "KIzjF",
            "module",
            105
        ],
        "HSR_NOR4_1": [
            "HSR_NOR4_1",
            "MMnZ2",
            "module",
            126
        ],
        "HSR_AND4_0": [
            "HSR_AND4_0",
            "dafyf",
            "module",
            85
        ],
        "HSR_AOI32_2": [
            "HSR_AOI32_2",
            "vuGnt",
            "module",
            94
        ],
        "HSR_AOI21_0": [
            "HSR_AOI21_0",
            "VERMd",
            "module",
            88
        ],
        "HSR_AOI222_0": [
            "HSR_AOI222_0",
            "WGmBz",
            "module",
            90
        ],
        "HSR_AOI22_0": [
            "HSR_AOI22_0",
            "J0VDC",
            "module",
            91
        ],
        "HSR_CLKN_2": [
            "HSR_CLKN_2",
            "xcZEu",
            "module",
            99
        ],
        "HSR_NOR4_0": [
            "HSR_NOR4_0",
            "tUZHh",
            "module",
            125
        ],
        "HSR_DQ_0": [
            "HSR_DQ_0",
            "JiDEI",
            "module",
            102
        ],
        "HSR_INAND3_1": [
            "HSR_INAND3_1",
            "BUfM8",
            "module",
            108
        ],
        "HSR_OAI21_2": [
            "HSR_OAI21_2",
            "DMvCc",
            "module",
            129
        ],
        "HSR_INAND4_0": [
            "HSR_INAND4_0",
            "NLKaa",
            "module",
            109
        ],
        "HSR_INOR3_1": [
            "HSR_INOR3_1",
            "Nn2JK",
            "module",
            112
        ],
        "HSR_IOA22_0": [
            "HSR_IOA22_0",
            "EUt72",
            "module",
            116
        ],
        "HSR_NAND3_1": [
            "HSR_NAND3_1",
            "C81TM",
            "module",
            118
        ],
        "HSR_NAND4_0": [
            "HSR_NAND4_0",
            "kxWSs",
            "module",
            119
        ],
        "HSR_NOR3_0": [
            "HSR_NOR3_0",
            "uZxVK",
            "module",
            123
        ],
        "HSR_OAI211_2": [
            "HSR_OAI211_2",
            "cCN4b",
            "module",
            127
        ],
        "HSR_OAI221_0": [
            "HSR_OAI221_0",
            "vN4w0",
            "module",
            130
        ],
        "HSR_OAI22_2": [
            "HSR_OAI22_2",
            "d2gHV",
            "module",
            134
        ],
        "HSR_OAI31_2": [
            "HSR_OAI31_2",
            "JLjxG",
            "module",
            135
        ],
        "HSR_OAI32_0": [
            "HSR_OAI32_0",
            "WjLeI",
            "module",
            136
        ],
        "HSR_OAI32_2": [
            "HSR_OAI32_2",
            "uh6qc",
            "module",
            137
        ],
        "HSR_OR3_0": [
            "HSR_OR3_0",
            "BR1ap",
            "module",
            139
        ],
        "HSR_OR4_2": [
            "HSR_OR4_2",
            "Qn1Bu",
            "module",
            141
        ],
        "HSR_PULL0_0": [
            "HSR_PULL0_0",
            "mDYBC",
            "module",
            142
        ],
        "HSR_XNOR2_1": [
            "HSR_XNOR2_1",
            "qRsvF",
            "module",
            145
        ],
        "HSR_XNOR3_2": [
            "HSR_XNOR3_2",
            "yvEdb",
            "module",
            146
        ],
        "HSR_XOR2_2": [
            "HSR_XOR2_2",
            "bALUc",
            "module",
            147
        ],
        "HSR_XOR3_0": [
            "HSR_XOR3_0",
            "yVVAn",
            "module",
            148
        ],
        "...MASTER...": [
            "SIM",
            "amcQw",
            "module",
            150
        ],
        "udp_dff": [
            "udp_dff",
            "exIG1",
            "udp",
            151
        ],
        "udp_mux": [
            "udp_mux",
            "vCfas",
            "udp",
            152
        ]
    },
    "PrevCompiledModules": {},
    "CurCompileUdps": {
        "udp_mux": "objs/udps/vCfas.o",
        "udp_dff": "objs/udps/exIG1.o"
    },
    "stat": {
        "ru_self_cgstart": {
            "ru_nvcsw": 144,
            "ru_stime_sec": 0.085100999999999996,
            "ru_utime_sec": 2.5910929999999999,
            "ru_maxrss_kb": 124928,
            "ru_nivcsw": 41,
            "ru_minflt": 40362,
            "ru_majflt": 0
        },
        "mopSpeed": 76216.547129364379,
        "ru_childs_end": {
            "ru_nvcsw": 25,
            "ru_stime_sec": 0.025989000000000002,
            "ru_utime_sec": 0.021763000000000001,
            "ru_maxrss_kb": 68672,
            "ru_nivcsw": 22,
            "ru_minflt": 10624,
            "ru_majflt": 0
        },
        "CodeGen(%)": 15.748756879043311,
        "ru_childs_cgstart": {
            "ru_nvcsw": 25,
            "ru_stime_sec": 0.025989000000000002,
            "ru_utime_sec": 0.021763000000000001,
            "ru_maxrss_kb": 68672,
            "ru_nivcsw": 22,
            "ru_minflt": 10624,
            "ru_majflt": 0
        },
        "outputSizePerQuad": 366.07517836226174,
        "ru_self_end": {
            "ru_nvcsw": 144,
            "ru_stime_sec": 0.16513700000000001,
            "ru_utime_sec": 3.079504,
            "ru_maxrss_kb": 125260,
            "ru_nivcsw": 101,
            "ru_minflt": 46795,
            "ru_majflt": 0
        },
        "mop/quad": 3.9639016079224789,
        "nQuads": 9391,
        "cpu_cycles_total": 8285489653,
        "totalObjSize": 3437812,
        "cpu_cycles_cgstart": 2237538739298,
        "nMops": 37225,
        "cpu_cycles_end": 2238961968013,
        "quadSpeed": 19227.65867271621,
        "Frontend(%)": 84.251243120956687,
        "peak_mem_kb": 291748,
        "realTime": 3.3362689018249512
    },
    "CompileProcesses": [
        "cgproc.26164.json"
    ],
    "CompileStrategy": "fullobj",
    "cpu_cycles_pass2_start": 2237538113747,
    "CurCompileModules": [
        "...MASTER...",
        "...MASTER...",
        "tb_topModuleV4",
        "tb_topModuleV4",
        "convModV3_0_DW_mult_tc_15",
        "convModV3_0_DW_mult_tc_15",
        "convModV3_0_DW_mult_tc_14",
        "convModV3_0_DW_mult_tc_14",
        "convModV3_0_DW_mult_tc_13",
        "convModV3_0_DW_mult_tc_13",
        "convModV3_0_DW_mult_tc_12",
        "convModV3_0_DW_mult_tc_12",
        "convModV3_0_DW_mult_tc_11",
        "convModV3_0_DW_mult_tc_11",
        "convModV3_0_DW_mult_tc_10",
        "convModV3_0_DW_mult_tc_10",
        "convModV3_0_DW_mult_tc_9",
        "convModV3_0_DW_mult_tc_9",
        "convModV3_0_DW_mult_tc_8",
        "convModV3_0_DW_mult_tc_8",
        "convModV3_0_DW01_add_15",
        "convModV3_0_DW01_add_15",
        "convModV3_0_DW01_add_14",
        "convModV3_0_DW01_add_14",
        "convModV3_0_DW01_add_13",
        "convModV3_0_DW01_add_13",
        "convModV3_0_DW01_add_12",
        "convModV3_0_DW01_add_12",
        "convModV3_0_DW01_add_11",
        "convModV3_0_DW01_add_11",
        "convModV3_0_DW01_add_10",
        "convModV3_0_DW01_add_10",
        "convModV3_0_DW01_add_9",
        "convModV3_0_DW01_add_9",
        "convModV3_0_DW_mult_tc_7",
        "convModV3_0_DW_mult_tc_7",
        "convModV3_0_DW_mult_tc_6",
        "convModV3_0_DW_mult_tc_6",
        "convModV3_0_DW_mult_tc_5",
        "convModV3_0_DW_mult_tc_5",
        "convModV3_0_DW_mult_tc_4",
        "convModV3_0_DW_mult_tc_4",
        "convModV3_0_DW_mult_tc_3",
        "convModV3_0_DW_mult_tc_3",
        "convModV3_0_DW_mult_tc_2",
        "convModV3_0_DW_mult_tc_2",
        "convModV3_0_DW_mult_tc_1",
        "convModV3_0_DW_mult_tc_1",
        "convModV3_0_DW_mult_tc_0",
        "convModV3_0_DW_mult_tc_0",
        "convModV3_0_DW01_add_8",
        "convModV3_0_DW01_add_8",
        "convModV3_0_DW01_add_7",
        "convModV3_0_DW01_add_7",
        "convModV3_0_DW01_add_6",
        "convModV3_0_DW01_add_6",
        "convModV3_0_DW01_add_5",
        "convModV3_0_DW01_add_5",
        "convModV3_0_DW01_add_4",
        "convModV3_0_DW01_add_4",
        "convModV3_0_DW01_add_3",
        "convModV3_0_DW01_add_3",
        "convModV3_0_DW01_add_2",
        "convModV3_0_DW01_add_2",
        "convModV3_0_DW01_add_1",
        "convModV3_0_DW01_add_1",
        "convModV3_0_DW01_add_0",
        "convModV3_0_DW01_add_0",
        "convModV3_0",
        "convModV3_0",
        "convModV3_1_DW_mult_tc_15",
        "convModV3_1_DW_mult_tc_15",
        "convModV3_1_DW_mult_tc_14",
        "convModV3_1_DW_mult_tc_14",
        "convModV3_1_DW_mult_tc_13",
        "convModV3_1_DW_mult_tc_13",
        "convModV3_1_DW_mult_tc_12",
        "convModV3_1_DW_mult_tc_12",
        "convModV3_1_DW_mult_tc_11",
        "convModV3_1_DW_mult_tc_11",
        "convModV3_1_DW_mult_tc_10",
        "convModV3_1_DW_mult_tc_10",
        "convModV3_1_DW_mult_tc_9",
        "convModV3_1_DW_mult_tc_9",
        "convModV3_1_DW_mult_tc_8",
        "convModV3_1_DW_mult_tc_8",
        "convModV3_1_DW01_add_15",
        "convModV3_1_DW01_add_15",
        "convModV3_1_DW01_add_14",
        "convModV3_1_DW01_add_14",
        "convModV3_1_DW01_add_13",
        "convModV3_1_DW01_add_13",
        "convModV3_1_DW01_add_12",
        "convModV3_1_DW01_add_12",
        "convModV3_1_DW01_add_11",
        "convModV3_1_DW01_add_11",
        "convModV3_1_DW01_add_10",
        "convModV3_1_DW01_add_10",
        "convModV3_1_DW01_add_9",
        "convModV3_1_DW01_add_9",
        "convModV3_1_DW_mult_tc_7",
        "convModV3_1_DW_mult_tc_7",
        "convModV3_1_DW_mult_tc_6",
        "convModV3_1_DW_mult_tc_6",
        "convModV3_1_DW_mult_tc_5",
        "convModV3_1_DW_mult_tc_5",
        "convModV3_1_DW_mult_tc_4",
        "convModV3_1_DW_mult_tc_4",
        "convModV3_1_DW_mult_tc_3",
        "convModV3_1_DW_mult_tc_3",
        "convModV3_1_DW_mult_tc_2",
        "convModV3_1_DW_mult_tc_2",
        "convModV3_1_DW_mult_tc_1",
        "convModV3_1_DW_mult_tc_1",
        "convModV3_1_DW_mult_tc_0",
        "convModV3_1_DW_mult_tc_0",
        "convModV3_1_DW01_add_8",
        "convModV3_1_DW01_add_8",
        "convModV3_1_DW01_add_7",
        "convModV3_1_DW01_add_7",
        "convModV3_1_DW01_add_6",
        "convModV3_1_DW01_add_6",
        "convModV3_1_DW01_add_5",
        "convModV3_1_DW01_add_5",
        "convModV3_1_DW01_add_4",
        "convModV3_1_DW01_add_4",
        "convModV3_1_DW01_add_3",
        "convModV3_1_DW01_add_3",
        "convModV3_1_DW01_add_2",
        "convModV3_1_DW01_add_2",
        "convModV3_1_DW01_add_1",
        "convModV3_1_DW01_add_1",
        "convModV3_1_DW01_add_0",
        "convModV3_1_DW01_add_0",
        "convModV3_1",
        "convModV3_1",
        "topModuleV4_DW01_inc_0",
        "topModuleV4_DW01_inc_0",
        "topModuleV4_DW01_inc_1",
        "topModuleV4_DW01_inc_1",
        "topModuleV4_DW01_inc_2",
        "topModuleV4_DW01_inc_2",
        "topModuleV4_DW01_inc_3",
        "topModuleV4_DW01_inc_3",
        "topModuleV4_DW01_inc_5",
        "topModuleV4_DW01_inc_5",
        "topModuleV4_DW01_cmp6_0",
        "topModuleV4_DW01_cmp6_0",
        "topModuleV4_DW01_add_1",
        "topModuleV4_DW01_add_1",
        "topModuleV4_DW01_cmp6_1",
        "topModuleV4_DW01_cmp6_1",
        "topModuleV4",
        "topModuleV4",
        "HSR_AD1_0",
        "HSR_AD1_0",
        "HSR_AD1_2",
        "HSR_AD1_2",
        "HSR_ADH1_1",
        "HSR_ADH1_1",
        "HSR_ADH1_2",
        "HSR_ADH1_2",
        "HSR_AND2_0",
        "HSR_AND2_0",
        "HSR_AND2_2",
        "HSR_AND2_2",
        "HSR_AND3_0",
        "HSR_AND3_0",
        "HSR_AND3_2",
        "HSR_AND3_2",
        "HSR_AND4_0",
        "HSR_AND4_0",
        "HSR_AND4_2",
        "HSR_AND4_2",
        "HSR_AOI211_0",
        "HSR_AOI211_0",
        "HSR_AOI21_0",
        "HSR_AOI21_0",
        "HSR_AOI21_2",
        "HSR_AOI21_2",
        "HSR_AOI222_0",
        "HSR_AOI222_0",
        "HSR_AOI22_0",
        "HSR_AOI22_0",
        "HSR_AOI22_2",
        "HSR_AOI22_2",
        "HSR_AOI31_0",
        "HSR_AOI31_0",
        "HSR_AOI32_2",
        "HSR_AOI32_2",
        "HSR_BUF_2",
        "HSR_BUF_2",
        "HSR_CLKNAND2_2",
        "HSR_CLKNAND2_2",
        "HSR_CLKNOR2_0",
        "HSR_CLKNOR2_0",
        "HSR_CLKN_0",
        "HSR_CLKN_0",
        "HSR_CLKN_2",
        "HSR_CLKN_2",
        "HSR_CLKOR2_0",
        "HSR_CLKOR2_0",
        "HSR_CLKXOR2_0",
        "HSR_CLKXOR2_0",
        "HSR_DQ_0",
        "HSR_DQ_0",
        "HSR_DQ_2",
        "HSR_DQ_2",
        "HSR_DX_1",
        "HSR_DX_1",
        "HSR_IAO21_2",
        "HSR_IAO21_2",
        "HSR_INAND2_0",
        "HSR_INAND2_0",
        "HSR_INAND2_1",
        "HSR_INAND2_1",
        "HSR_INAND3_1",
        "HSR_INAND3_1",
        "HSR_INAND4_0",
        "HSR_INAND4_0",
        "HSR_INOR2_1",
        "HSR_INOR2_1",
        "HSR_INOR2_2",
        "HSR_INOR2_2",
        "HSR_INOR3_1",
        "HSR_INOR3_1",
        "HSR_INOR4_1",
        "HSR_INOR4_1",
        "HSR_IN_2",
        "HSR_IN_2",
        "HSR_IOA21_0",
        "HSR_IOA21_0",
        "HSR_IOA22_0",
        "HSR_IOA22_0",
        "HSR_NAND2_1",
        "HSR_NAND2_1",
        "HSR_NAND3_1",
        "HSR_NAND3_1",
        "HSR_NAND4_0",
        "HSR_NAND4_0",
        "HSR_NAND4_1",
        "HSR_NAND4_1",
        "HSR_NAND4_2",
        "HSR_NAND4_2",
        "HSR_NOR2_2",
        "HSR_NOR2_2",
        "HSR_NOR3_0",
        "HSR_NOR3_0",
        "HSR_NOR3_2",
        "HSR_NOR3_2",
        "HSR_NOR4_0",
        "HSR_NOR4_0",
        "HSR_NOR4_1",
        "HSR_NOR4_1",
        "HSR_OAI211_2",
        "HSR_OAI211_2",
        "HSR_OAI21_0",
        "HSR_OAI21_0",
        "HSR_OAI21_2",
        "HSR_OAI21_2",
        "HSR_OAI221_0",
        "HSR_OAI221_0",
        "HSR_OAI222_0",
        "HSR_OAI222_0",
        "HSR_OAI222_1",
        "HSR_OAI222_1",
        "HSR_OAI22_0",
        "HSR_OAI22_0",
        "HSR_OAI22_2",
        "HSR_OAI22_2",
        "HSR_OAI31_2",
        "HSR_OAI31_2",
        "HSR_OAI32_0",
        "HSR_OAI32_0",
        "HSR_OAI32_2",
        "HSR_OAI32_2",
        "HSR_OR2_2",
        "HSR_OR2_2",
        "HSR_OR3_0",
        "HSR_OR3_0",
        "HSR_OR4_0",
        "HSR_OR4_0",
        "HSR_OR4_2",
        "HSR_OR4_2",
        "HSR_PULL0_0",
        "HSR_PULL0_0",
        "HSR_PULL1_0",
        "HSR_PULL1_0",
        "HSR_XNOR2_0",
        "HSR_XNOR2_0",
        "HSR_XNOR2_1",
        "HSR_XNOR2_1",
        "HSR_XNOR3_2",
        "HSR_XNOR3_2",
        "HSR_XOR2_2",
        "HSR_XOR2_2",
        "HSR_XOR3_0",
        "HSR_XOR3_0",
        "HSR_XOR3_2",
        "HSR_XOR3_2"
    ],
    "rlimit": {
        "data": -1,
        "stack": -1
    },
    "incremental": "on",
    "Misc": {
        "vcs_version": "O-2018.09-SP2_Full64",
        "vcs_build_date": "Build Date = Feb 28 2019 22:34:30",
        "archive_dir": "archive.0",
        "master_pid": 26164,
        "cwd": "/home/user001/project_workspace/on_vcs",
        "csrc": "csrc",
        "VCS_HOME": "/home/tools/synopsys/vcs/P-2019.06-SP1",
        "daidir_abs": "/home/user001/project_workspace/on_vcs/simv.daidir",
        "hostname": "vlsi60",
        "csrc_abs": "/home/user001/project_workspace/on_vcs/csrc",
        "daidir": "simv.daidir",
        "default_output_dir": "csrc"
    },
    "CompileStatus": "Successful"
}