{
    "HSR_XOR3_2": [
        "HSR_XOR3_2",
        "gqPSN",
        "module",
        57
    ],
    "HSR_PULL0_0": [
        "HSR_PULL0_0",
        "mDYBC",
        "module",
        54
    ],
    "HSR_INAND2_1": [
        "HSR_INAND2_1",
        "kkK0C",
        "module",
        30
    ],
    "HSR_OAI22_2": [
        "HSR_OAI22_2",
        "d2gHV",
        "module",
        48
    ],
    "tb_topModuleV4": [
        "tb_topModuleV4",
        "Aw9A4",
        "module",
        1
    ],
    "convModV3_1": [
        "convModV3_1",
        "g3r5i",
        "module",
        9
    ],
    "convModV3_1_DW_mult_tc_13": [
        "convModV3_1_DW_mult_tc_13",
        "Yq73H",
        "module",
        2
    ],
    "HSR_AND2_2": [
        "HSR_AND2_2",
        "PxwvP",
        "module",
        15
    ],
    "HSR_NOR4_1": [
        "HSR_NOR4_1",
        "MMnZ2",
        "module",
        43
    ],
    "convModV3_1_DW_mult_tc_9": [
        "convModV3_1_DW_mult_tc_9",
        "Yv3Tv",
        "module",
        3
    ],
    "HSR_AOI31_0": [
        "HSR_AOI31_0",
        "WwAaQ",
        "module",
        22
    ],
    "convModV3_1_DW_mult_tc_7": [
        "convModV3_1_DW_mult_tc_7",
        "rBDmh",
        "module",
        5
    ],
    "convModV3_1_DW_mult_tc_8": [
        "convModV3_1_DW_mult_tc_8",
        "zFVmr",
        "module",
        4
    ],
    "convModV3_1_DW01_add_3": [
        "convModV3_1_DW01_add_3",
        "GuMRe",
        "module",
        8
    ],
    "HSR_IOA21_0": [
        "HSR_IOA21_0",
        "zjm4q",
        "module",
        37
    ],
    "convModV3_1_DW_mult_tc_4": [
        "convModV3_1_DW_mult_tc_4",
        "NB0VB",
        "module",
        6
    ],
    "HSR_INAND3_1": [
        "HSR_INAND3_1",
        "BUfM8",
        "module",
        31
    ],
    "HSR_AOI22_2": [
        "HSR_AOI22_2",
        "bCvG7",
        "module",
        21
    ],
    "convModV3_1_DW_mult_tc_1": [
        "convModV3_1_DW_mult_tc_1",
        "RjA9M",
        "module",
        7
    ],
    "HSR_AD1_2": [
        "HSR_AD1_2",
        "taWzN",
        "module",
        13
    ],
    "topModuleV4_DW01_cmp6_0": [
        "topModuleV4_DW01_cmp6_0",
        "VNQrJ",
        "module",
        10
    ],
    "HSR_CLKNAND2_2": [
        "HSR_CLKNAND2_2",
        "h33S7",
        "module",
        25
    ],
    "HSR_INAND4_0": [
        "HSR_INAND4_0",
        "NLKaa",
        "module",
        32
    ],
    "HSR_OAI21_2": [
        "HSR_OAI21_2",
        "DMvCc",
        "module",
        45
    ],
    "topModuleV4_DW01_add_1": [
        "topModuleV4_DW01_add_1",
        "VnYE5",
        "module",
        11
    ],
    "HSR_AND3_2": [
        "HSR_AND3_2",
        "Gu7gV",
        "module",
        16
    ],
    "topModuleV4_DW01_cmp6_1": [
        "topModuleV4_DW01_cmp6_1",
        "pfRfR",
        "module",
        12
    ],
    "HSR_IOA22_0": [
        "HSR_IOA22_0",
        "EUt72",
        "module",
        38
    ],
    "HSR_ADH1_2": [
        "HSR_ADH1_2",
        "GIhy2",
        "module",
        14
    ],
    "HSR_AND4_2": [
        "HSR_AND4_2",
        "tZVIv",
        "module",
        17
    ],
    "HSR_AOI32_2": [
        "HSR_AOI32_2",
        "vuGnt",
        "module",
        23
    ],
    "HSR_AOI211_0": [
        "HSR_AOI211_0",
        "cejZB",
        "module",
        18
    ],
    "HSR_AOI222_0": [
        "HSR_AOI222_0",
        "WGmBz",
        "module",
        20
    ],
    "HSR_AOI21_2": [
        "HSR_AOI21_2",
        "HV1bi",
        "module",
        19
    ],
    "HSR_OR4_2": [
        "HSR_OR4_2",
        "Qn1Bu",
        "module",
        53
    ],
    "HSR_BUF_2": [
        "HSR_BUF_2",
        "k1bs8",
        "module",
        24
    ],
    "HSR_IAO21_2": [
        "HSR_IAO21_2",
        "KIzjF",
        "module",
        29
    ],
    "HSR_CLKOR2_0": [
        "HSR_CLKOR2_0",
        "UALbL",
        "module",
        26
    ],
    "HSR_DQ_2": [
        "HSR_DQ_2",
        "LWiTD",
        "module",
        27
    ],
    "HSR_DX_1": [
        "HSR_DX_1",
        "QSAHT",
        "module",
        28
    ],
    "HSR_INOR2_2": [
        "HSR_INOR2_2",
        "AuLi3",
        "module",
        33
    ],
    "HSR_INOR3_1": [
        "HSR_INOR3_1",
        "Nn2JK",
        "module",
        34
    ],
    "HSR_INOR4_1": [
        "HSR_INOR4_1",
        "Gy0ut",
        "module",
        35
    ],
    "HSR_IN_2": [
        "HSR_IN_2",
        "A2e77",
        "module",
        36
    ],
    "HSR_NAND3_1": [
        "HSR_NAND3_1",
        "C81TM",
        "module",
        39
    ],
    "HSR_NAND4_2": [
        "HSR_NAND4_2",
        "GTDi4",
        "module",
        40
    ],
    "...MASTER...": [
        "SIM",
        "amcQw",
        "module",
        58
    ],
    "HSR_NOR2_2": [
        "HSR_NOR2_2",
        "FyPGu",
        "module",
        41
    ],
    "HSR_NOR3_2": [
        "HSR_NOR3_2",
        "qILF2",
        "module",
        42
    ],
    "HSR_XOR2_2": [
        "HSR_XOR2_2",
        "bALUc",
        "module",
        56
    ],
    "HSR_OAI211_2": [
        "HSR_OAI211_2",
        "cCN4b",
        "module",
        44
    ],
    "HSR_OAI221_0": [
        "HSR_OAI221_0",
        "vN4w0",
        "module",
        46
    ],
    "udp_dff": [
        "udp_dff",
        "exIG1",
        "udp",
        59
    ],
    "HSR_OAI222_1": [
        "HSR_OAI222_1",
        "UHFkf",
        "module",
        47
    ],
    "HSR_OAI31_2": [
        "HSR_OAI31_2",
        "JLjxG",
        "module",
        49
    ],
    "HSR_OAI32_2": [
        "HSR_OAI32_2",
        "uh6qc",
        "module",
        50
    ],
    "udp_mux": [
        "udp_mux",
        "vCfas",
        "udp",
        60
    ],
    "HSR_OR2_2": [
        "HSR_OR2_2",
        "jBn5I",
        "module",
        51
    ],
    "HSR_OR3_0": [
        "HSR_OR3_0",
        "BR1ap",
        "module",
        52
    ],
    "HSR_XNOR2_1": [
        "HSR_XNOR2_1",
        "qRsvF",
        "module",
        55
    ]
}