{
    "cycles_program_begin": 18815588957209,
    "perf": [
        {
            "stat": [
                "main",
                "entry",
                0.063186079612933099,
                0.033182999999999997,
                0.063351000000000005,
                181304,
                181304,
                0.0,
                0.0,
                1624207289.5252061,
                18815589487084
            ],
            "sub": [
                {
                    "stat": [
                        "doParsingAndDesignResolution",
                        "entry",
                        0.18158707965631038,
                        0.038269999999999998,
                        0.072616,
                        181792,
                        182592,
                        0.0,
                        0.0,
                        1624207289.6436069,
                        18815885384359
                    ],
                    "sub": []
                },
                {
                    "stat": [
                        "doParsingAndDesignResolution",
                        "exit",
                        0.5930220796726644,
                        0.43207899999999999,
                        0.088606000000000004,
                        192208,
                        193244,
                        0.0,
                        0.0,
                        1624207290.055042,
                        18816913899480
                    ],
                    "sub": []
                },
                {
                    "stat": [
                        "doPostDesignResolutionToVir2Vcs",
                        "entry",
                        0.59310007968451828,
                        0.43214399999999997,
                        0.088619000000000003,
                        192208,
                        193244,
                        0.0,
                        0.0,
                        1624207290.05512,
                        18816914015080
                    ],
                    "sub": [
                        {
                            "stat": [
                                "doUptoVir2VcsNoSepCleanup",
                                "entry",
                                0.74557307967916131,
                                0.58443699999999998,
                                0.088687000000000002,
                                192212,
                                193244,
                                0.0,
                                0.0,
                                1624207290.207593,
                                18817295234242
                            ],
                            "sub": []
                        },
                        {
                            "stat": [
                                "doUptoVir2VcsNoSepCleanup",
                                "exit",
                                1.8703470797045156,
                                1.6878,
                                0.102744,
                                200428,
                                214604,
                                0.0,
                                0.0,
                                1624207291.3323669,
                                18820107208160
                            ],
                            "sub": []
                        },
                        {
                            "stat": [
                                "doRadify_vir2vcsAll",
                                "entry",
                                1.8704330796608701,
                                1.6878820000000001,
                                0.10274899999999999,
                                200428,
                                214604,
                                0.0,
                                0.0,
                                1624207291.332453,
                                18820107345700
                            ],
                            "sub": []
                        },
                        {
                            "stat": [
                                "doRadify_vir2vcsAll",
                                "exit",
                                1.9081520796753466,
                                1.7225470000000001,
                                0.10578700000000001,
                                200428,
                                214604,
                                0.0,
                                0.0,
                                1624207291.370172,
                                18820201719442
                            ],
                            "sub": []
                        }
                    ]
                },
                {
                    "stat": [
                        "doPostDesignResolutionToVir2Vcs",
                        "exit",
                        1.9082150796893984,
                        1.7226079999999999,
                        0.105791,
                        200428,
                        214604,
                        0.0,
                        0.0,
                        1624207291.370235,
                        18820201838636
                    ],
                    "sub": []
                },
                {
                    "stat": [
                        "doGAToPass2",
                        "entry",
                        1.9082610796904191,
                        1.7226079999999999,
                        0.105837,
                        200428,
                        214604,
                        0.0,
                        0.0,
                        1624207291.370281,
                        18820201907854
                    ],
                    "sub": [
                        {
                            "stat": [
                                "DoPass2",
                                "entry",
                                1.9153360796626657,
                                1.726953,
                                0.107747,
                                194596,
                                214604,
                                0.0,
                                0.0,
                                1624207291.3773561,
                                18820219628278
                            ],
                            "sub": []
                        },
                        {
                            "stat": [
                                "DoPass2",
                                "exit",
                                2.215938079636544,
                                2.0010940000000002,
                                0.133738,
                                197524,
                                214604,
                                0.0,
                                0.0,
                                1624207291.677958,
                                18820971200098
                            ],
                            "sub": []
                        }
                    ]
                },
                {
                    "stat": [
                        "doGAToPass2",
                        "exit",
                        2.2200080796610564,
                        2.0051600000000001,
                        0.133743,
                        197524,
                        214604,
                        0.0,
                        0.0,
                        1624207291.6820281,
                        18820981354114
                    ],
                    "sub": []
                }
            ]
        },
        {
            "stat": [
                "main",
                "exit",
                2.2217600796138868,
                2.0059230000000001,
                0.13472600000000001,
                197516,
                214604,
                0.0,
                0.0,
                1624207291.68378,
                18820985684494
            ],
            "sub": []
        }
    ],
    "stat": {
        "outputSizePerQuad": 155.47708382806934,
        "ru_self_cgstart": {
            "ru_majflt": 41,
            "ru_minflt": 25234,
            "ru_utime_sec": 1.727015,
            "ru_nivcsw": 37,
            "ru_stime_sec": 0.107751,
            "ru_maxrss_kb": 76780,
            "ru_nvcsw": 161
        },
        "ru_childs_cgstart": {
            "ru_majflt": 0,
            "ru_minflt": 0,
            "ru_utime_sec": 0.0,
            "ru_nivcsw": 0,
            "ru_stime_sec": 0.0,
            "ru_maxrss_kb": 0,
            "ru_nvcsw": 0
        },
        "ru_self_end": {
            "ru_majflt": 41,
            "ru_minflt": 27654,
            "ru_utime_sec": 2.0060150000000001,
            "ru_nivcsw": 70,
            "ru_stime_sec": 0.13473199999999999,
            "ru_maxrss_kb": 76780,
            "ru_nvcsw": 161
        },
        "CodeGen(%)": 13.908171175190621,
        "cpu_cycles_cgstart": 18820219712029,
        "ru_childs_end": {
            "ru_majflt": 0,
            "ru_minflt": 0,
            "ru_utime_sec": 0.0,
            "ru_nivcsw": 0,
            "ru_stime_sec": 0.0,
            "ru_maxrss_kb": 0,
            "ru_nvcsw": 0
        },
        "Frontend(%)": 86.091828824809383,
        "nMops": 21849,
        "nQuads": 8422,
        "mopSpeed": 78311.827956989204,
        "totalObjSize": 1309428,
        "cpu_cycles_end": 18820985850849,
        "cpu_cycles_total": 5396893640,
        "mop/quad": 2.5942768938494418,
        "quadSpeed": 30186.379928315397,
        "realTime": 2.22189607960172,
        "peak_mem_kb": 214604
    },
    "CompileProcesses": [
        "cgproc.14001.json"
    ],
    "incremental": "on",
    "MlibObjs": {},
    "CompileStrategy": "fullobj",
    "PrevCompiledModules": {},
    "NameTable": {
        "HSR_XOR3_2": [
            "HSR_XOR3_2",
            "gqPSN",
            "module",
            57
        ],
        "HSR_PULL0_0": [
            "HSR_PULL0_0",
            "mDYBC",
            "module",
            54
        ],
        "HSR_INAND2_1": [
            "HSR_INAND2_1",
            "kkK0C",
            "module",
            30
        ],
        "HSR_OAI22_2": [
            "HSR_OAI22_2",
            "d2gHV",
            "module",
            48
        ],
        "tb_topModuleV4": [
            "tb_topModuleV4",
            "Aw9A4",
            "module",
            1
        ],
        "convModV3_1": [
            "convModV3_1",
            "g3r5i",
            "module",
            9
        ],
        "convModV3_1_DW_mult_tc_13": [
            "convModV3_1_DW_mult_tc_13",
            "Yq73H",
            "module",
            2
        ],
        "HSR_AND2_2": [
            "HSR_AND2_2",
            "PxwvP",
            "module",
            15
        ],
        "HSR_NOR4_1": [
            "HSR_NOR4_1",
            "MMnZ2",
            "module",
            43
        ],
        "convModV3_1_DW_mult_tc_9": [
            "convModV3_1_DW_mult_tc_9",
            "Yv3Tv",
            "module",
            3
        ],
        "HSR_AOI31_0": [
            "HSR_AOI31_0",
            "WwAaQ",
            "module",
            22
        ],
        "convModV3_1_DW_mult_tc_7": [
            "convModV3_1_DW_mult_tc_7",
            "rBDmh",
            "module",
            5
        ],
        "convModV3_1_DW_mult_tc_8": [
            "convModV3_1_DW_mult_tc_8",
            "zFVmr",
            "module",
            4
        ],
        "convModV3_1_DW01_add_3": [
            "convModV3_1_DW01_add_3",
            "GuMRe",
            "module",
            8
        ],
        "HSR_IOA21_0": [
            "HSR_IOA21_0",
            "zjm4q",
            "module",
            37
        ],
        "convModV3_1_DW_mult_tc_4": [
            "convModV3_1_DW_mult_tc_4",
            "NB0VB",
            "module",
            6
        ],
        "HSR_INAND3_1": [
            "HSR_INAND3_1",
            "BUfM8",
            "module",
            31
        ],
        "HSR_AOI22_2": [
            "HSR_AOI22_2",
            "bCvG7",
            "module",
            21
        ],
        "convModV3_1_DW_mult_tc_1": [
            "convModV3_1_DW_mult_tc_1",
            "RjA9M",
            "module",
            7
        ],
        "HSR_AD1_2": [
            "HSR_AD1_2",
            "taWzN",
            "module",
            13
        ],
        "topModuleV4_DW01_cmp6_0": [
            "topModuleV4_DW01_cmp6_0",
            "VNQrJ",
            "module",
            10
        ],
        "HSR_CLKNAND2_2": [
            "HSR_CLKNAND2_2",
            "h33S7",
            "module",
            25
        ],
        "HSR_INAND4_0": [
            "HSR_INAND4_0",
            "NLKaa",
            "module",
            32
        ],
        "HSR_OAI21_2": [
            "HSR_OAI21_2",
            "DMvCc",
            "module",
            45
        ],
        "topModuleV4_DW01_add_1": [
            "topModuleV4_DW01_add_1",
            "VnYE5",
            "module",
            11
        ],
        "HSR_AND3_2": [
            "HSR_AND3_2",
            "Gu7gV",
            "module",
            16
        ],
        "topModuleV4_DW01_cmp6_1": [
            "topModuleV4_DW01_cmp6_1",
            "pfRfR",
            "module",
            12
        ],
        "HSR_IOA22_0": [
            "HSR_IOA22_0",
            "EUt72",
            "module",
            38
        ],
        "HSR_ADH1_2": [
            "HSR_ADH1_2",
            "GIhy2",
            "module",
            14
        ],
        "HSR_AND4_2": [
            "HSR_AND4_2",
            "tZVIv",
            "module",
            17
        ],
        "HSR_AOI32_2": [
            "HSR_AOI32_2",
            "vuGnt",
            "module",
            23
        ],
        "HSR_AOI211_0": [
            "HSR_AOI211_0",
            "cejZB",
            "module",
            18
        ],
        "HSR_AOI222_0": [
            "HSR_AOI222_0",
            "WGmBz",
            "module",
            20
        ],
        "HSR_AOI21_2": [
            "HSR_AOI21_2",
            "HV1bi",
            "module",
            19
        ],
        "HSR_OR4_2": [
            "HSR_OR4_2",
            "Qn1Bu",
            "module",
            53
        ],
        "HSR_BUF_2": [
            "HSR_BUF_2",
            "k1bs8",
            "module",
            24
        ],
        "HSR_IAO21_2": [
            "HSR_IAO21_2",
            "KIzjF",
            "module",
            29
        ],
        "HSR_CLKOR2_0": [
            "HSR_CLKOR2_0",
            "UALbL",
            "module",
            26
        ],
        "HSR_DQ_2": [
            "HSR_DQ_2",
            "LWiTD",
            "module",
            27
        ],
        "HSR_DX_1": [
            "HSR_DX_1",
            "QSAHT",
            "module",
            28
        ],
        "HSR_INOR2_2": [
            "HSR_INOR2_2",
            "AuLi3",
            "module",
            33
        ],
        "HSR_INOR3_1": [
            "HSR_INOR3_1",
            "Nn2JK",
            "module",
            34
        ],
        "HSR_INOR4_1": [
            "HSR_INOR4_1",
            "Gy0ut",
            "module",
            35
        ],
        "HSR_IN_2": [
            "HSR_IN_2",
            "A2e77",
            "module",
            36
        ],
        "HSR_NAND3_1": [
            "HSR_NAND3_1",
            "C81TM",
            "module",
            39
        ],
        "HSR_NAND4_2": [
            "HSR_NAND4_2",
            "GTDi4",
            "module",
            40
        ],
        "...MASTER...": [
            "SIM",
            "amcQw",
            "module",
            58
        ],
        "HSR_NOR2_2": [
            "HSR_NOR2_2",
            "FyPGu",
            "module",
            41
        ],
        "HSR_NOR3_2": [
            "HSR_NOR3_2",
            "qILF2",
            "module",
            42
        ],
        "HSR_XOR2_2": [
            "HSR_XOR2_2",
            "bALUc",
            "module",
            56
        ],
        "HSR_OAI211_2": [
            "HSR_OAI211_2",
            "cCN4b",
            "module",
            44
        ],
        "HSR_OAI221_0": [
            "HSR_OAI221_0",
            "vN4w0",
            "module",
            46
        ],
        "udp_dff": [
            "udp_dff",
            "exIG1",
            "udp",
            59
        ],
        "HSR_OAI222_1": [
            "HSR_OAI222_1",
            "UHFkf",
            "module",
            47
        ],
        "HSR_OAI31_2": [
            "HSR_OAI31_2",
            "JLjxG",
            "module",
            49
        ],
        "HSR_OAI32_2": [
            "HSR_OAI32_2",
            "uh6qc",
            "module",
            50
        ],
        "udp_mux": [
            "udp_mux",
            "vCfas",
            "udp",
            60
        ],
        "HSR_OR2_2": [
            "HSR_OR2_2",
            "jBn5I",
            "module",
            51
        ],
        "HSR_OR3_0": [
            "HSR_OR3_0",
            "BR1ap",
            "module",
            52
        ],
        "HSR_XNOR2_1": [
            "HSR_XNOR2_1",
            "qRsvF",
            "module",
            55
        ]
    },
    "cpu_cycles_pass2_start": 18820219636887,
    "SIMBData": {
        "text": 0,
        "out": "amcQwB.o",
        "bytes": 43700,
        "archive": "archive.0/_14001_archive_1.a"
    },
    "CurCompileUdps": {
        "udp_dff": "objs/udps/exIG1.o",
        "udp_mux": "objs/udps/vCfas.o"
    },
    "CurCompileModules": [
        "...MASTER...",
        "...MASTER...",
        "tb_topModuleV4",
        "tb_topModuleV4",
        "convModV3_1_DW_mult_tc_13",
        "convModV3_1_DW_mult_tc_13",
        "convModV3_1_DW_mult_tc_9",
        "convModV3_1_DW_mult_tc_9",
        "convModV3_1_DW_mult_tc_8",
        "convModV3_1_DW_mult_tc_8",
        "convModV3_1_DW_mult_tc_7",
        "convModV3_1_DW_mult_tc_7",
        "convModV3_1_DW_mult_tc_4",
        "convModV3_1_DW_mult_tc_4",
        "convModV3_1_DW_mult_tc_1",
        "convModV3_1_DW_mult_tc_1",
        "convModV3_1_DW01_add_3",
        "convModV3_1_DW01_add_3",
        "convModV3_1",
        "convModV3_1",
        "topModuleV4_DW01_cmp6_0",
        "topModuleV4_DW01_cmp6_0",
        "topModuleV4_DW01_add_1",
        "topModuleV4_DW01_add_1",
        "topModuleV4_DW01_cmp6_1",
        "topModuleV4_DW01_cmp6_1",
        "HSR_AD1_2",
        "HSR_AD1_2",
        "HSR_ADH1_2",
        "HSR_ADH1_2",
        "HSR_AND2_2",
        "HSR_AND2_2",
        "HSR_AND3_2",
        "HSR_AND3_2",
        "HSR_AND4_2",
        "HSR_AND4_2",
        "HSR_AOI211_0",
        "HSR_AOI211_0",
        "HSR_AOI21_2",
        "HSR_AOI21_2",
        "HSR_AOI222_0",
        "HSR_AOI222_0",
        "HSR_AOI22_2",
        "HSR_AOI22_2",
        "HSR_AOI31_0",
        "HSR_AOI31_0",
        "HSR_AOI32_2",
        "HSR_AOI32_2",
        "HSR_BUF_2",
        "HSR_BUF_2",
        "HSR_CLKNAND2_2",
        "HSR_CLKNAND2_2",
        "HSR_CLKOR2_0",
        "HSR_CLKOR2_0",
        "HSR_DQ_2",
        "HSR_DQ_2",
        "HSR_DX_1",
        "HSR_DX_1",
        "HSR_IAO21_2",
        "HSR_IAO21_2",
        "HSR_INAND2_1",
        "HSR_INAND2_1",
        "HSR_INAND3_1",
        "HSR_INAND3_1",
        "HSR_INAND4_0",
        "HSR_INAND4_0",
        "HSR_INOR2_2",
        "HSR_INOR2_2",
        "HSR_INOR3_1",
        "HSR_INOR3_1",
        "HSR_INOR4_1",
        "HSR_INOR4_1",
        "HSR_IN_2",
        "HSR_IN_2",
        "HSR_IOA21_0",
        "HSR_IOA21_0",
        "HSR_IOA22_0",
        "HSR_IOA22_0",
        "HSR_NAND3_1",
        "HSR_NAND3_1",
        "HSR_NAND4_2",
        "HSR_NAND4_2",
        "HSR_NOR2_2",
        "HSR_NOR2_2",
        "HSR_NOR3_2",
        "HSR_NOR3_2",
        "HSR_NOR4_1",
        "HSR_NOR4_1",
        "HSR_OAI211_2",
        "HSR_OAI211_2",
        "HSR_OAI21_2",
        "HSR_OAI21_2",
        "HSR_OAI221_0",
        "HSR_OAI221_0",
        "HSR_OAI222_1",
        "HSR_OAI222_1",
        "HSR_OAI22_2",
        "HSR_OAI22_2",
        "HSR_OAI31_2",
        "HSR_OAI31_2",
        "HSR_OAI32_2",
        "HSR_OAI32_2",
        "HSR_OR2_2",
        "HSR_OR2_2",
        "HSR_OR3_0",
        "HSR_OR3_0",
        "HSR_OR4_2",
        "HSR_OR4_2",
        "HSR_PULL0_0",
        "HSR_PULL0_0",
        "HSR_XNOR2_1",
        "HSR_XNOR2_1",
        "HSR_XOR2_2",
        "HSR_XOR2_2",
        "HSR_XOR3_2",
        "HSR_XOR3_2"
    ],
    "CompileStatus": "Successful",
    "LVLData": [
        "SIM"
    ],
    "PEModules": [],
    "rlimit": {
        "data": -1,
        "stack": 134217728
    },
    "Misc": {
        "daidir": "simv.daidir",
        "vcs_version": "O-2018.09-SP2",
        "vcs_build_date": "Build Date = Feb 28 2019 22:39:42",
        "master_pid": 14001,
        "cwd": "/home/user001/project_workspace/on_vcs/write",
        "hostname": "vlsi60",
        "VCS_HOME": "/home/tools/synopsys/vcs/P-2019.06-SP1",
        "csrc": "csrc",
        "csrc_abs": "/home/user001/project_workspace/on_vcs/write/csrc",
        "daidir_abs": "/home/user001/project_workspace/on_vcs/write/simv.daidir",
        "default_output_dir": "csrc",
        "archive_dir": "archive.0"
    }
}