{
    "stat": {
        "ru_self_end": {
            "ru_majflt": 41,
            "ru_minflt": 27648,
            "ru_utime_sec": 2.0053380000000001,
            "ru_nivcsw": 69,
            "ru_stime_sec": 0.13375500000000001,
            "ru_maxrss_kb": 76780,
            "ru_nvcsw": 161
        },
        "ru_childs_end": {
            "ru_majflt": 0,
            "ru_minflt": 0,
            "ru_utime_sec": 0.0,
            "ru_nivcsw": 0,
            "ru_stime_sec": 0.0,
            "ru_maxrss_kb": 0,
            "ru_nvcsw": 0
        },
        "cpu_cycles_end": 18820981713206,
        "peak_mem_kb": 214604
    },
    "Modules": {
        "HSR_NOR2_2": {
            "start_perf": [
                2.1513830797048286,
                1.94676,
                0.123761,
                197524,
                214604,
                1624207291.6134031,
                18820809723010
            ],
            "child_modules": {},
            "Compiled": "Yes",
            "Compiled Times": 1,
            "end_perf": [
                2.1533210796769708,
                1.9477310000000001,
                0.124726,
                197524,
                214604,
                18820814616498,
                523986010113,
                0
            ],
            "nRouts": 8,
            "nMops": 52,
            "nQuads": 27
        },
        "...MASTER...": {
            "start_perf": [
                1.9154360796092078,
                1.7270479999999999,
                0.107753,
                194596,
                214604,
                1624207291.3774559,
                18820219853144
            ],
            "child_modules": {
                "tb_topModuleV4": 1
            },
            "end_perf": [
                1.9179930796381086,
                1.7295720000000001,
                0.10778600000000001,
                196544,
                214604,
                18820226268028,
                0,
                0
            ],
            "nRouts": 5,
            "nMops": 0,
            "nQuads": 0
        },
        "HSR_XOR3_2": {
            "start_perf": [
                2.2024650796083733,
                1.990661,
                0.13076099999999999,
                197524,
                214604,
                1624207291.664485,
                18820937473238
            ],
            "child_modules": {},
            "Compiled": "Yes",
            "Compiled Times": 1,
            "end_perf": [
                2.2088930796599016,
                1.997088,
                0.13076099999999999,
                197524,
                214604,
                18820953563242,
                635655159809,
                0
            ],
            "nRouts": 10,
            "nMops": 477,
            "nQuads": 108
        },
        "HSR_PULL0_0": {
            "start_perf": [
                2.1944680796004832,
                1.982699,
                0.13073899999999999,
                197524,
                214604,
                1624207291.6564879,
                18820917473310
            ],
            "child_modules": {},
            "Compiled": "Yes",
            "Compiled Times": 1,
            "end_perf": [
                2.1957990796072409,
                1.98403,
                0.13073899999999999,
                197524,
                214604,
                18820920827454,
                609885356033,
                0
            ],
            "nRouts": 5,
            "nMops": 0,
            "nQuads": 0
        },
        "HSR_INAND2_1": {
            "start_perf": [
                2.1193620796548203,
                1.9187639999999999,
                0.119781,
                197524,
                214604,
                1624207291.581382,
                18820729662228
            ],
            "child_modules": {},
            "Compiled": "Yes",
            "Compiled Times": 1,
            "end_perf": [
                2.1211780796293169,
                1.920574,
                0.119786,
                197524,
                214604,
                18820734229061,
                463856467969,
                0
            ],
            "nRouts": 8,
            "nMops": 56,
            "nQuads": 28
        },
        "HSR_OAI22_2": {
            "start_perf": [
                2.1731620796490461,
                1.963476,
                0.12876799999999999,
                197524,
                214604,
                1624207291.6351819,
                18820864169614
            ],
            "child_modules": {},
            "Compiled": "Yes",
            "Compiled Times": 1,
            "end_perf": [
                2.1758810796309263,
                1.966181,
                0.12876799999999999,
                197524,
                214604,
                18820871011718,
                575525617665,
                0
            ],
            "nRouts": 10,
            "nMops": 118,
            "nQuads": 51
        },
        "tb_topModuleV4": {
            "start_perf": [
                1.9183940796647221,
                1.7299720000000001,
                0.10778600000000001,
                196544,
                214604,
                1624207291.380414,
                18820227255076
            ],
            "child_modules": {
                "HSR_OAI211_2": 26,
                "HSR_XOR2_2": 9,
                "HSR_INOR2_2": 11,
                "HSR_INAND4_0": 123,
                "HSR_CLKNAND2_2": 1730,
                "topModuleV4_DW01_add_1": 1,
                "HSR_OAI21_2": 360,
                "convModV3_1_DW01_add_3": 1,
                "HSR_AOI211_0": 1,
                "HSR_AOI222_0": 300,
                "HSR_AOI32_2": 2,
                "HSR_INAND3_1": 2,
                "convModV3_1_DW_mult_tc_4": 2,
                "HSR_IOA21_0": 29,
                "HSR_NOR2_2": 62,
                "HSR_NAND3_1": 9,
                "HSR_IN_2": 507,
                "HSR_AD1_2": 273,
                "topModuleV4_DW01_cmp6_0": 1,
                "HSR_AND3_2": 102,
                "topModuleV4_DW01_cmp6_1": 1,
                "HSR_INAND2_1": 5,
                "HSR_XOR3_2": 1,
                "HSR_PULL0_0": 1,
                "HSR_OAI22_2": 74,
                "HSR_OR2_2": 2,
                "convModV3_1_DW_mult_tc_1": 2,
                "HSR_DX_1": 6,
                "convModV3_1_DW_mult_tc_7": 1,
                "HSR_OR3_0": 2,
                "convModV3_1_DW_mult_tc_8": 2,
                "HSR_AOI31_0": 100,
                "HSR_NOR4_1": 27,
                "convModV3_1_DW_mult_tc_9": 7,
                "HSR_ADH1_2": 151,
                "HSR_IOA22_0": 196,
                "HSR_INOR4_1": 1,
                "HSR_INOR3_1": 1,
                "HSR_NOR3_2": 11,
                "HSR_DQ_2": 2078,
                "HSR_AND2_2": 189,
                "HSR_AOI21_2": 94,
                "HSR_NAND4_2": 617,
                "HSR_BUF_2": 604,
                "HSR_OR4_2": 7,
                "convModV3_1": 1,
                "convModV3_1_DW_mult_tc_13": 2,
                "HSR_AOI22_2": 2771,
                "HSR_XNOR2_1": 3,
                "HSR_AND4_2": 13,
                "HSR_OAI31_2": 2,
                "HSR_IAO21_2": 61,
                "HSR_OAI221_0": 1583,
                "HSR_OAI32_2": 1,
                "HSR_OAI222_1": 32,
                "HSR_CLKOR2_0": 1
            },
            "Compiled": "Yes",
            "Compiled Times": 1,
            "end_perf": [
                1.9868630795972422,
                1.794416,
                0.111776,
                197524,
                214604,
                18820398470947,
                8589934593,
                0
            ],
            "nRouts": 144,
            "nMops": 5052,
            "nQuads": 1671
        },
        "convModV3_1": {
            "start_perf": [
                2.0393080796347931,
                1.843799,
                0.114786,
                197524,
                214604,
                1624207291.501328,
                18820529526752
            ],
            "child_modules": {
                "HSR_XOR3_2": 1,
                "HSR_OAI22_2": 60,
                "HSR_OAI32_2": 6,
                "HSR_XOR2_2": 74,
                "HSR_CLKNAND2_2": 8,
                "HSR_OAI21_2": 2,
                "convModV3_1_DW01_add_3": 1,
                "HSR_NOR2_2": 8,
                "HSR_IN_2": 28,
                "convModV3_1_DW_mult_tc_1": 1,
                "HSR_AOI22_2": 2,
                "convModV3_1_DW_mult_tc_4": 2,
                "HSR_XNOR2_1": 2,
                "convModV3_1_DW_mult_tc_7": 1,
                "convModV3_1_DW_mult_tc_8": 1,
                "HSR_IOA22_0": 2,
                "HSR_ADH1_2": 8,
                "convModV3_1_DW_mult_tc_9": 8,
                "convModV3_1_DW_mult_tc_13": 1,
                "HSR_AD1_2": 327,
                "HSR_CLKOR2_0": 2
            },
            "Compiled": "Yes",
            "Compiled Times": 1,
            "end_perf": [
                2.0521030796226114,
                1.8565799999999999,
                0.114788,
                197524,
                214604,
                18820561544407,
                292057776129,
                0
            ],
            "nRouts": 87,
            "nMops": 1886,
            "nQuads": 800
        },
        "convModV3_1_DW_mult_tc_13": {
            "start_perf": [
                1.9869220796972513,
                1.7944720000000001,
                0.11178,
                197524,
                214604,
                1624207291.4489419,
                18820398562074
            ],
            "child_modules": {
                "HSR_OAI32_2": 3,
                "HSR_OAI22_2": 30,
                "HSR_XOR2_2": 37,
                "HSR_ADH1_2": 4,
                "HSR_IOA22_0": 1,
                "HSR_AOI22_2": 1,
                "HSR_AD1_2": 27
            },
            "Compiled": "Yes",
            "Compiled Times": 1,
            "end_perf": [
                1.9937070796731859,
                1.800265,
                0.11276600000000001,
                197524,
                214604,
                18820415549459,
                163208757249,
                0
            ],
            "nRouts": 31,
            "nMops": 791,
            "nQuads": 320
        },
        "HSR_AND2_2": {
            "start_perf": [
                2.0745260796975344,
                1.877999,
                0.11575299999999999,
                197524,
                214604,
                1624207291.536546,
                18820617573325
            ],
            "child_modules": {},
            "Compiled": "Yes",
            "Compiled Times": 1,
            "end_perf": [
                2.0762460796395317,
                1.8797189999999999,
                0.11575299999999999,
                197524,
                214604,
                18820621899486,
                356482285569,
                0
            ],
            "nRouts": 8,
            "nMops": 58,
            "nQuads": 27
        },
        "HSR_NOR4_1": {
            "start_perf": [
                2.15564407967031,
                1.948016,
                0.12673999999999999,
                197524,
                214604,
                1624207291.6176641,
                18820820375410
            ],
            "child_modules": {},
            "Compiled": "Yes",
            "Compiled Times": 1,
            "end_perf": [
                2.1580930796917528,
                1.9494389999999999,
                0.12776599999999999,
                197524,
                214604,
                18820826524054,
                541165879297,
                0
            ],
            "nRouts": 10,
            "nMops": 114,
            "nQuads": 63
        },
        "convModV3_1_DW_mult_tc_9": {
            "start_perf": [
                1.9937550796894357,
                1.800311,
                0.11276799999999999,
                197524,
                214604,
                1624207291.455775,
                18820415657071
            ],
            "child_modules": {
                "HSR_OAI32_2": 3,
                "HSR_OAI22_2": 30,
                "HSR_XOR2_2": 37,
                "HSR_ADH1_2": 4,
                "HSR_IOA22_0": 1,
                "HSR_AOI22_2": 1,
                "HSR_AD1_2": 27
            },
            "Compiled": "Yes",
            "Compiled Times": 1,
            "end_perf": [
                2.0002330796560273,
                1.8058110000000001,
                0.113736,
                197524,
                214604,
                18820431865298,
                180388626433,
                0
            ],
            "nRouts": 31,
            "nMops": 791,
            "nQuads": 320
        },
        "HSR_AOI31_0": {
            "start_perf": [
                2.0904050796525553,
                1.891831,
                0.117784,
                197524,
                214604,
                1624207291.5524249,
                18820657271710
            ],
            "child_modules": {},
            "Compiled": "Yes",
            "Compiled Times": 1,
            "end_perf": [
                2.0950890796957538,
                1.8955169999999999,
                0.118781,
                197524,
                214604,
                18820669008790,
                403726925825,
                0
            ],
            "nRouts": 12,
            "nMops": 622,
            "nQuads": 133
        },
        "convModV3_1_DW_mult_tc_7": {
            "start_perf": [
                2.0106420796364546,
                1.8151900000000001,
                0.114759,
                197524,
                214604,
                1624207291.472662,
                18820457951084
            ],
            "child_modules": {
                "HSR_OAI32_2": 3,
                "HSR_OAI22_2": 30,
                "HSR_XOR2_2": 37,
                "HSR_ADH1_2": 4,
                "HSR_IOA22_0": 1,
                "HSR_AOI22_2": 1,
                "HSR_AD1_2": 27
            },
            "Compiled": "Yes",
            "Compiled Times": 1,
            "end_perf": [
                2.0214790796162561,
                1.8260080000000001,
                0.114759,
                197524,
                214604,
                18820484995421,
                188978561025,
                0
            ],
            "nRouts": 31,
            "nMops": 791,
            "nQuads": 320
        },
        "convModV3_1_DW_mult_tc_8": {
            "start_perf": [
                2.0002800796646625,
                1.8058559999999999,
                0.11373900000000001,
                197524,
                214604,
                1624207291.4623001,
                18820431959610
            ],
            "child_modules": {
                "HSR_OAI32_2": 3,
                "HSR_OAI22_2": 30,
                "HSR_XOR2_2": 37,
                "HSR_ADH1_2": 4,
                "HSR_IOA22_0": 1,
                "HSR_AOI22_2": 1,
                "HSR_AD1_2": 27
            },
            "Compiled": "Yes",
            "Compiled Times": 1,
            "end_perf": [
                2.0105330796213821,
                1.8150869999999999,
                0.11475200000000001,
                197524,
                214604,
                18820457747142,
                184683593729,
                0
            ],
            "nRouts": 31,
            "nMops": 791,
            "nQuads": 320
        },
        "HSR_IOA21_0": {
            "start_perf": [
                2.1363400795962662,
                1.932758,
                0.12273000000000001,
                197524,
                214604,
                1624207291.5983601,
                18820772106261
            ],
            "child_modules": {},
            "Compiled": "Yes",
            "Compiled Times": 1,
            "end_perf": [
                2.140131079708226,
                1.9364969999999999,
                0.122777,
                197524,
                214604,
                18820781736067,
                498216206337,
                0
            ],
            "nRouts": 10,
            "nMops": 202,
            "nQuads": 61
        },
        "convModV3_1_DW_mult_tc_4": {
            "start_perf": [
                2.0215320796705782,
                1.8260609999999999,
                0.114759,
                197524,
                214604,
                1624207291.483552,
                18820485095301
            ],
            "child_modules": {
                "HSR_OAI32_2": 3,
                "HSR_OAI22_2": 30,
                "HSR_XOR2_2": 37,
                "HSR_ADH1_2": 4,
                "HSR_IOA22_0": 1,
                "HSR_AOI22_2": 1,
                "HSR_AD1_2": 27
            },
            "Compiled": "Yes",
            "Compiled Times": 1,
            "end_perf": [
                2.0290340796345845,
                1.833534,
                0.114783,
                197524,
                214604,
                18820503892405,
                201863462913,
                0
            ],
            "nRouts": 31,
            "nMops": 791,
            "nQuads": 320
        },
        "HSR_INAND3_1": {
            "start_perf": [
                2.1212340797064826,
                1.920631,
                0.119786,
                197524,
                214604,
                1624207291.5832541,
                18820734346543
            ],
            "child_modules": {},
            "Compiled": "Yes",
            "Compiled Times": 1,
            "end_perf": [
                2.123272079625167,
                1.922669,
                0.119786,
                197524,
                214604,
                18820739463522,
                468151435265,
                0
            ],
            "nRouts": 9,
            "nMops": 84,
            "nQuads": 47
        },
        "HSR_AOI22_2": {
            "start_perf": [
                2.0880800796439871,
                1.8895059999999999,
                0.117784,
                197524,
                214604,
                1624207291.5501001,
                18820651455190
            ],
            "child_modules": {},
            "Compiled": "Yes",
            "Compiled Times": 1,
            "end_perf": [
                2.0903570796363056,
                1.8917820000000001,
                0.117784,
                197524,
                214604,
                18820657181388,
                399431958529,
                0
            ],
            "nRouts": 10,
            "nMops": 130,
            "nQuads": 51
        },
        "convModV3_1_DW_mult_tc_1": {
            "start_perf": [
                2.0290900795953348,
                1.8335870000000001,
                0.114786,
                197524,
                214604,
                1624207291.4911101,
                18820503989981
            ],
            "child_modules": {
                "HSR_OAI32_2": 3,
                "HSR_OAI22_2": 30,
                "HSR_XOR2_2": 37,
                "HSR_ADH1_2": 4,
                "HSR_IOA22_0": 1,
                "HSR_AOI22_2": 1,
                "HSR_AD1_2": 27
            },
            "Compiled": "Yes",
            "Compiled Times": 1,
            "end_perf": [
                2.0363630796782672,
                1.8408530000000001,
                0.114786,
                197524,
                214604,
                18820522201240,
                214748364801,
                0
            ],
            "nRouts": 31,
            "nMops": 791,
            "nQuads": 320
        },
        "convModV3_1_DW01_add_3": {
            "start_perf": [
                2.0364150796085596,
                1.840905,
                0.114786,
                197524,
                214604,
                1624207291.498435,
                18820522294400
            ],
            "child_modules": {
                "HSR_XOR3_2": 4,
                "HSR_AOI222_0": 2,
                "HSR_AD1_2": 15,
                "HSR_OAI222_1": 1
            },
            "Compiled": "Yes",
            "Compiled Times": 1,
            "end_perf": [
                2.0392610796261579,
                1.8437509999999999,
                0.114786,
                197524,
                214604,
                18820529438428,
                274877906945,
                0
            ],
            "nRouts": 10,
            "nMops": 203,
            "nQuads": 70
        },
        "HSR_AD1_2": {
            "start_perf": [
                2.06725707964506,
                1.8716889999999999,
                0.11479300000000001,
                197524,
                214604,
                1624207291.5292771,
                18820599406631
            ],
            "child_modules": {},
            "Compiled": "Yes",
            "Compiled Times": 1,
            "end_perf": [
                2.0721180796390399,
                1.8765499999999999,
                0.11479300000000001,
                197524,
                214604,
                18820611588022,
                339302416385,
                0
            ],
            "nRouts": 11,
            "nMops": 647,
            "nQuads": 175
        },
        "topModuleV4_DW01_cmp6_0": {
            "start_perf": [
                2.0521510796388611,
                1.856625,
                0.114791,
                197524,
                214604,
                1624207291.5141709,
                18820561635388
            ],
            "child_modules": {
                "HSR_XOR2_2": 29
            },
            "Compiled": "Yes",
            "Compiled Times": 1,
            "end_perf": [
                2.0591100796591491,
                1.8635600000000001,
                0.114791,
                197524,
                214604,
                18820579062116,
                317827579905,
                0
            ],
            "nRouts": 67,
            "nMops": 777,
            "nQuads": 420
        },
        "HSR_INAND4_0": {
            "start_perf": [
                2.1233240796718746,
                1.922715,
                0.119786,
                197524,
                214604,
                1624207291.5853441,
                18820739564616
            ],
            "child_modules": {},
            "Compiled": "Yes",
            "Compiled Times": 1,
            "end_perf": [
                2.1256170796696097,
                1.925014,
                0.119786,
                197524,
                214604,
                18820745325419,
                472446402561,
                0
            ],
            "nRouts": 10,
            "nMops": 118,
            "nQuads": 64
        },
        "HSR_CLKNAND2_2": {
            "start_perf": [
                2.0988190796924755,
                1.8992329999999999,
                0.118784,
                197524,
                214604,
                1624207291.5608389,
                18820678307232
            ],
            "child_modules": {},
            "Compiled": "Yes",
            "Compiled Times": 1,
            "end_perf": [
                2.1005430796649307,
                1.899994,
                0.11974700000000001,
                197524,
                214604,
                18820682641535,
                416611827713,
                0
            ],
            "nRouts": 8,
            "nMops": 52,
            "nQuads": 27
        },
        "HSR_OAI21_2": {
            "start_perf": [
                2.160700079635717,
                1.952043,
                0.12776899999999999,
                197524,
                214604,
                1624207291.62272,
                18820833015014
            ],
            "child_modules": {},
            "Compiled": "Yes",
            "Compiled Times": 1,
            "end_perf": [
                2.1635680797044188,
                1.9539470000000001,
                0.12873299999999999,
                197524,
                214604,
                18820840216150,
                554050781185,
                0
            ],
            "nRouts": 10,
            "nMops": 202,
            "nQuads": 61
        },
        "topModuleV4_DW01_add_1": {
            "start_perf": [
                2.0591570796677843,
                1.8636079999999999,
                0.114791,
                197524,
                214604,
                1624207291.5211771,
                18820579148894
            ],
            "child_modules": {
                "HSR_XOR2_2": 30,
                "HSR_AND2_2": 29
            },
            "Compiled": "Yes",
            "Compiled Times": 1,
            "end_perf": [
                2.0603520796867087,
                1.8648020000000001,
                0.114791,
                197524,
                214604,
                18820582163019,
                322122547201,
                0
            ],
            "nRouts": 5,
            "nMops": 0,
            "nQuads": 0
        },
        "HSR_IOA22_0": {
            "start_perf": [
                2.1402560796122998,
                1.936623,
                0.122777,
                197524,
                214604,
                1624207291.6022761,
                18820781991742
            ],
            "child_modules": {},
            "Compiled": "Yes",
            "Compiled Times": 1,
            "end_perf": [
                2.1452020796714351,
                1.941562,
                0.122782,
                197524,
                214604,
                18820794452575,
                502511173633,
                0
            ],
            "nRouts": 10,
            "nMops": 118,
            "nQuads": 51
        },
        "HSR_ADH1_2": {
            "start_perf": [
                2.0721670796629041,
                1.8766,
                0.11479300000000001,
                197524,
                214604,
                1624207291.5341871,
                18820611676372
            ],
            "child_modules": {},
            "Compiled": "Yes",
            "Compiled Times": 1,
            "end_perf": [
                2.0744790796888992,
                1.8779539999999999,
                0.11575000000000001,
                197524,
                214604,
                18820617486844,
                347892350977,
                0
            ],
            "nRouts": 9,
            "nMops": 146,
            "nQuads": 60
        },
        "topModuleV4_DW01_cmp6_1": {
            "start_perf": [
                2.0603960796725005,
                1.8648469999999999,
                0.114791,
                197524,
                214604,
                1624207291.5224161,
                18820582247543
            ],
            "child_modules": {
                "HSR_XOR2_2": 29
            },
            "Compiled": "Yes",
            "Compiled Times": 1,
            "end_perf": [
                2.0671820796560496,
                1.8716299999999999,
                0.11479300000000001,
                197524,
                214604,
                18820599241531,
                326417514497,
                0
            ],
            "nRouts": 67,
            "nMops": 777,
            "nQuads": 420
        },
        "HSR_AND3_2": {
            "start_perf": [
                2.0762920796405524,
                1.8797649999999999,
                0.11575299999999999,
                197524,
                214604,
                1624207291.538312,
                18820621985180
            ],
            "child_modules": {},
            "Compiled": "Yes",
            "Compiled Times": 1,
            "end_perf": [
                2.0782100796932355,
                1.8816310000000001,
                0.11579200000000001,
                197524,
                214604,
                18820626835062,
                365072220161,
                0
            ],
            "nRouts": 9,
            "nMops": 80,
            "nQuads": 46
        },
        "HSR_AND4_2": {
            "start_perf": [
                2.0782670796616003,
                1.8816310000000001,
                0.11584899999999999,
                197524,
                214604,
                1624207291.540287,
                18820626926486
            ],
            "child_modules": {},
            "Compiled": "Yes",
            "Compiled Times": 1,
            "end_perf": [
                2.0803950796835124,
                1.881867,
                0.117741,
                197524,
                214604,
                18820632269841,
                373662154753,
                0
            ],
            "nRouts": 10,
            "nMops": 114,
            "nQuads": 63
        },
        "HSR_AOI32_2": {
            "start_perf": [
                2.0951370795955881,
                1.8955630000000001,
                0.118784,
                197524,
                214604,
                1624207291.557157,
                18820669098493
            ],
            "child_modules": {},
            "Compiled": "Yes",
            "Compiled Times": 1,
            "end_perf": [
                2.0977540796156973,
                1.8981680000000001,
                0.118784,
                197524,
                214604,
                18820675708947,
                408021893121,
                0
            ],
            "nRouts": 12,
            "nMops": 166,
            "nQuads": 73
        },
        "HSR_AOI211_0": {
            "start_perf": [
                2.0804410796845332,
                1.88191,
                0.117744,
                197524,
                214604,
                1624207291.5424609,
                18820632357371
            ],
            "child_modules": {},
            "Compiled": "Yes",
            "Compiled Times": 1,
            "end_perf": [
                2.0824240796500817,
                1.883894,
                0.117744,
                197524,
                214604,
                18820637345450,
                377957122049,
                0
            ],
            "nRouts": 11,
            "nMops": 85,
            "nQuads": 40
        },
        "HSR_AOI222_0": {
            "start_perf": [
                2.0851130796363577,
                1.8865419999999999,
                0.117784,
                197524,
                214604,
                1624207291.547133,
                18820644040947
            ],
            "child_modules": {},
            "Compiled": "Yes",
            "Compiled Times": 1,
            "end_perf": [
                2.0880320796277374,
                1.8894569999999999,
                0.117784,
                197524,
                214604,
                18820651367766,
                390842023937,
                0
            ],
            "nRouts": 12,
            "nMops": 206,
            "nQuads": 91
        },
        "HSR_AOI21_2": {
            "start_perf": [
                2.0824700796511024,
                1.8839379999999999,
                0.117746,
                197524,
                214604,
                1624207291.5444901,
                18820637435097
            ],
            "child_modules": {},
            "Compiled": "Yes",
            "Compiled Times": 1,
            "end_perf": [
                2.0850660796277225,
                1.886498,
                0.117781,
                197524,
                214604,
                18820643952657,
                386547056641,
                0
            ],
            "nRouts": 10,
            "nMops": 208,
            "nQuads": 61
        },
        "HSR_OR4_2": {
            "start_perf": [
                2.1907250796211883,
                1.9790490000000001,
                0.13073899999999999,
                197524,
                214604,
                1624207291.652745,
                18820908119434
            ],
            "child_modules": {},
            "Compiled": "Yes",
            "Compiled Times": 1,
            "end_perf": [
                2.1943960796343163,
                1.9826269999999999,
                0.13073899999999999,
                197524,
                214604,
                18820917328514,
                605590388737,
                0
            ],
            "nRouts": 10,
            "nMops": 130,
            "nQuads": 67
        },
        "HSR_BUF_2": {
            "start_perf": [
                2.0978160796221346,
                1.898231,
                0.118784,
                197524,
                214604,
                1624207291.5598359,
                18820675801438
            ],
            "child_modules": {},
            "Compiled": "Yes",
            "Compiled Times": 1,
            "end_perf": [
                2.0987650796305388,
                1.899179,
                0.118784,
                197524,
                214604,
                18820678215293,
                412316860417,
                0
            ],
            "nRouts": 5,
            "nMops": 0,
            "nQuads": 0
        },
        "HSR_IAO21_2": {
            "start_perf": [
                2.1161030796356499,
                1.915511,
                0.119781,
                197524,
                214604,
                1624207291.5781231,
                18820721516297
            ],
            "child_modules": {},
            "Compiled": "Yes",
            "Compiled Times": 1,
            "end_perf": [
                2.1193140796385705,
                1.9187160000000001,
                0.119781,
                197524,
                214604,
                18820729571888,
                455266533377,
                0
            ],
            "nRouts": 10,
            "nMops": 245,
            "nQuads": 70
        },
        "HSR_CLKOR2_0": {
            "start_perf": [
                2.1005880796583369,
                1.900037,
                0.11975,
                197524,
                214604,
                1624207291.562608,
                18820682725490
            ],
            "child_modules": {},
            "Compiled": "Yes",
            "Compiled Times": 1,
            "end_perf": [
                2.1023080796003342,
                1.901753,
                0.11975,
                197524,
                214604,
                18820687076678,
                433791696897,
                0
            ],
            "nRouts": 8,
            "nMops": 52,
            "nQuads": 27
        },
        "HSR_DQ_2": {
            "start_perf": [
                2.1023650796851143,
                1.90181,
                0.11975,
                197524,
                214604,
                1624207291.5643849,
                18820687179974
            ],
            "child_modules": {},
            "Compiled": "Yes",
            "Compiled Times": 1,
            "end_perf": [
                2.1086660797009245,
                1.9081049999999999,
                0.119755,
                197524,
                214604,
                18820702994042,
                446676598785,
                0
            ],
            "nRouts": 17,
            "nMops": 300,
            "nQuads": 171
        },
        "HSR_DX_1": {
            "start_perf": [
                2.1087340796366334,
                1.9081699999999999,
                0.119759,
                197524,
                214604,
                1624207291.5707541,
                18820703105362
            ],
            "child_modules": {},
            "Compiled": "Yes",
            "Compiled Times": 1,
            "end_perf": [
                2.1160530796041712,
                1.9154629999999999,
                0.119778,
                197524,
                214604,
                18820721426300,
                450971566081,
                0
            ],
            "nRouts": 24,
            "nMops": 722,
            "nQuads": 403
        },
        "HSR_INOR2_2": {
            "start_perf": [
                2.1256660796934739,
                1.925063,
                0.119786,
                197524,
                214604,
                1624207291.5876861,
                18820745435034
            ],
            "child_modules": {},
            "Compiled": "Yes",
            "Compiled Times": 1,
            "end_perf": [
                2.1278320796554908,
                1.9272260000000001,
                0.119786,
                197524,
                214604,
                18820750884292,
                481036337153,
                0
            ],
            "nRouts": 8,
            "nMops": 56,
            "nQuads": 28
        },
        "HSR_INOR3_1": {
            "start_perf": [
                2.1278880796162412,
                1.927281,
                0.119786,
                197524,
                214604,
                1624207291.5899079,
                18820750988571
            ],
            "child_modules": {},
            "Compiled": "Yes",
            "Compiled Times": 1,
            "end_perf": [
                2.1317110796226189,
                1.930131,
                0.120757,
                197524,
                214604,
                18820760658394,
                485331304449,
                0
            ],
            "nRouts": 9,
            "nMops": 84,
            "nQuads": 47
        },
        "HSR_INOR4_1": {
            "start_perf": [
                2.1318060796475038,
                1.9302220000000001,
                0.120763,
                197524,
                214604,
                1624207291.5938261,
                18820760873536
            ],
            "child_modules": {},
            "Compiled": "Yes",
            "Compiled Times": 1,
            "end_perf": [
                2.1352710796054453,
                1.9326909999999999,
                0.121728,
                197524,
                214604,
                18820769460991,
                489626271745,
                0
            ],
            "nRouts": 11,
            "nMops": 73,
            "nQuads": 40
        },
        "HSR_IN_2": {
            "start_perf": [
                2.135317079606466,
                1.932734,
                0.12173100000000001,
                197524,
                214604,
                1624207291.597337,
                18820769548764
            ],
            "child_modules": {},
            "Compiled": "Yes",
            "Compiled Times": 1,
            "end_perf": [
                2.1362960796104744,
                1.932734,
                0.122709,
                197524,
                214604,
                18820772021573,
                493921239041,
                0
            ],
            "nRouts": 5,
            "nMops": 0,
            "nQuads": 0
        },
        "HSR_NAND3_1": {
            "start_perf": [
                2.1453230796614662,
                1.941562,
                0.122904,
                197524,
                214604,
                1624207291.607343,
                18820794652792
            ],
            "child_modules": {},
            "Compiled": "Yes",
            "Compiled Times": 1,
            "end_perf": [
                2.1488250796683133,
                1.944204,
                0.12375800000000001,
                197524,
                214604,
                18820803360274,
                506806140929,
                0
            ],
            "nRouts": 9,
            "nMops": 80,
            "nQuads": 46
        },
        "HSR_NAND4_2": {
            "start_perf": [
                2.1488770795986056,
                1.9442539999999999,
                0.123761,
                197524,
                214604,
                1624207291.6108971,
                18820803457166
            ],
            "child_modules": {},
            "Compiled": "Yes",
            "Compiled Times": 1,
            "end_perf": [
                2.1513320796657354,
                1.9467080000000001,
                0.123761,
                197524,
                214604,
                18820809626586,
                519691042817,
                0
            ],
            "nRouts": 10,
            "nMops": 114,
            "nQuads": 63
        },
        "HSR_NOR3_2": {
            "start_perf": [
                2.1533810796681792,
                1.9477880000000001,
                0.12472999999999999,
                197524,
                214604,
                1624207291.615401,
                18820814721826
            ],
            "child_modules": {},
            "Compiled": "Yes",
            "Compiled Times": 1,
            "end_perf": [
                2.1555930796312168,
                1.947967,
                0.12673699999999999,
                197524,
                214604,
                18820820273442,
                532575944705,
                0
            ],
            "nRouts": 9,
            "nMops": 80,
            "nQuads": 46
        },
        "HSR_XOR2_2": {
            "start_perf": [
                2.1991620796034113,
                1.9873719999999999,
                0.13076099999999999,
                197524,
                214604,
                1624207291.6611819,
                18820929217806
            ],
            "child_modules": {},
            "Compiled": "Yes",
            "Compiled Times": 1,
            "end_perf": [
                2.2023950796574354,
                1.9905900000000001,
                0.13076099999999999,
                197524,
                214604,
                18820937317506,
                627065225217,
                0
            ],
            "nRouts": 8,
            "nMops": 90,
            "nQuads": 39
        },
        "HSR_OAI211_2": {
            "start_perf": [
                2.1581440796144307,
                1.949487,
                0.12776899999999999,
                197524,
                214604,
                1624207291.6201639,
                18820826624842
            ],
            "child_modules": {},
            "Compiled": "Yes",
            "Compiled Times": 1,
            "end_perf": [
                2.1606480797054246,
                1.9519899999999999,
                0.12776899999999999,
                197524,
                214604,
                18820832916154,
                545460846593,
                0
            ],
            "nRouts": 10,
            "nMops": 116,
            "nQuads": 61
        },
        "HSR_OAI221_0": {
            "start_perf": [
                2.1636190796270967,
                1.9539960000000001,
                0.12873599999999999,
                197524,
                214604,
                1624207291.625639,
                18820840312494
            ],
            "child_modules": {},
            "Compiled": "Yes",
            "Compiled Times": 1,
            "end_perf": [
                2.1700150796677917,
                1.9603390000000001,
                0.12875900000000001,
                197524,
                214604,
                18820856331474,
                558345748481,
                0
            ],
            "nRouts": 14,
            "nMops": 1021,
            "nQuads": 196
        },
        "HSR_OAI222_1": {
            "start_perf": [
                2.1700680796056986,
                1.9603889999999999,
                0.12876199999999999,
                197524,
                214604,
                1624207291.6320879,
                18820856435386
            ],
            "child_modules": {},
            "Compiled": "Yes",
            "Compiled Times": 1,
            "end_perf": [
                2.1731100796023384,
                1.963428,
                0.12876499999999999,
                197524,
                214604,
                18820864072638,
                566935683073,
                0
            ],
            "nRouts": 12,
            "nMops": 188,
            "nQuads": 91
        },
        "HSR_OAI31_2": {
            "start_perf": [
                2.1759390796069056,
                1.9662390000000001,
                0.12876799999999999,
                197524,
                214604,
                1624207291.637959,
                18820871112966
            ],
            "child_modules": {},
            "Compiled": "Yes",
            "Compiled Times": 1,
            "end_perf": [
                2.1812910796143115,
                1.9706459999999999,
                0.12971299999999999,
                197524,
                214604,
                18820884526730,
                579820584961,
                0
            ],
            "nRouts": 12,
            "nMops": 620,
            "nQuads": 133
        },
        "HSR_OAI32_2": {
            "start_perf": [
                2.1813450796762481,
                1.9706969999999999,
                0.129716,
                197524,
                214604,
                1624207291.6433649,
                18820884627322
            ],
            "child_modules": {},
            "Compiled": "Yes",
            "Compiled Times": 1,
            "end_perf": [
                2.1850020796991885,
                1.9743059999999999,
                0.12975700000000001,
                197524,
                214604,
                18820893846486,
                588410519553,
                0
            ],
            "nRouts": 12,
            "nMops": 160,
            "nQuads": 73
        },
        "HSR_OR2_2": {
            "start_perf": [
                2.1850780796958134,
                1.974378,
                0.12976099999999999,
                197524,
                214604,
                1624207291.6470981,
                18820894012142
            ],
            "child_modules": {},
            "Compiled": "Yes",
            "Compiled Times": 1,
            "end_perf": [
                2.1879090795991942,
                1.9772080000000001,
                0.12976099999999999,
                197524,
                214604,
                18820901123074,
                592705486849,
                0
            ],
            "nRouts": 8,
            "nMops": 52,
            "nQuads": 27
        },
        "HSR_OR3_0": {
            "start_perf": [
                2.1879930796567351,
                1.977293,
                0.12976099999999999,
                197524,
                214604,
                1624207291.650013,
                18820901299222
            ],
            "child_modules": {},
            "Compiled": "Yes",
            "Compiled Times": 1,
            "end_perf": [
                2.1906550796702504,
                1.978982,
                0.13073399999999999,
                197524,
                214604,
                18820907970350,
                597000454145,
                0
            ],
            "nRouts": 9,
            "nMops": 80,
            "nQuads": 46
        },
        "HSR_XNOR2_1": {
            "start_perf": [
                2.1958690796745941,
                1.9840960000000001,
                0.130742,
                197524,
                214604,
                1624207291.6578889,
                18820920983630
            ],
            "child_modules": {},
            "Compiled": "Yes",
            "Compiled Times": 1,
            "end_perf": [
                2.1990930796600878,
                1.987306,
                0.13075600000000001,
                197524,
                214604,
                18820929062346,
                622770257921,
                0
            ],
            "nRouts": 8,
            "nMops": 90,
            "nQuads": 39
        }
    },
    "ObjArchives": [
        {
            "size": 1304756,
            "archive": "archive.0/_14001_archive_1.a",
            "objects": [
                [
                    "Aw9A4_d.o",
                    773726
                ],
                [
                    "Yq73H_d.o",
                    20246
                ],
                [
                    "Yv3Tv_d.o",
                    20246
                ],
                [
                    "zFVmr_d.o",
                    20246
                ],
                [
                    "rBDmh_d.o",
                    20246
                ],
                [
                    "NB0VB_d.o",
                    20246
                ],
                [
                    "RjA9M_d.o",
                    20246
                ],
                [
                    "GuMRe_d.o",
                    7790
                ],
                [
                    "g3r5i_d.o",
                    60212
                ],
                [
                    "VNQrJ_d.o",
                    17868
                ],
                [
                    "VnYE5_d.o",
                    7166
                ],
                [
                    "pfRfR_d.o",
                    17868
                ],
                [
                    "taWzN_d.o",
                    8498
                ],
                [
                    "GIhy2_d.o",
                    5582
                ],
                [
                    "PxwvP_d.o",
                    4702
                ],
                [
                    "Gu7gV_d.o",
                    4996
                ],
                [
                    "tZVIv_d.o",
                    5312
                ],
                [
                    "cejZB_d.o",
                    5096
                ],
                [
                    "HV1bi_d.o",
                    5696
                ],
                [
                    "WGmBz_d.o",
                    5876
                ],
                [
                    "bCvG7_d.o",
                    5298
                ],
                [
                    "WwAaQ_d.o",
                    7574
                ],
                [
                    "vuGnt_d.o",
                    5816
                ],
                [
                    "k1bs8_d.o",
                    3750
                ],
                [
                    "h33S7_d.o",
                    4740
                ],
                [
                    "UALbL_d.o",
                    4738
                ],
                [
                    "LWiTD_d.o",
                    7862
                ],
                [
                    "QSAHT_d.o",
                    12498
                ],
                [
                    "KIzjF_d.o",
                    5900
                ],
                [
                    "kkK0C_d.o",
                    4780
                ],
                [
                    "BUfM8_d.o",
                    5036
                ],
                [
                    "NLKaa_d.o",
                    5356
                ],
                [
                    "AuLi3_d.o",
                    4778
                ],
                [
                    "Nn2JK_d.o",
                    5032
                ],
                [
                    "Gy0ut_d.o",
                    5104
                ],
                [
                    "A2e77_d.o",
                    3750
                ],
                [
                    "zjm4q_d.o",
                    5678
                ],
                [
                    "EUt72_d.o",
                    5312
                ],
                [
                    "C81TM_d.o",
                    4988
                ],
                [
                    "GTDi4_d.o",
                    5316
                ],
                [
                    "FyPGu_d.o",
                    4738
                ],
                [
                    "qILF2_d.o",
                    4988
                ],
                [
                    "MMnZ2_d.o",
                    5316
                ],
                [
                    "cCN4b_d.o",
                    5316
                ],
                [
                    "DMvCc_d.o",
                    5734
                ],
                [
                    "vN4w0_d.o",
                    9050
                ],
                [
                    "UHFkf_d.o",
                    5916
                ],
                [
                    "d2gHV_d.o",
                    5336
                ],
                [
                    "JLjxG_d.o",
                    7522
                ],
                [
                    "uh6qc_d.o",
                    5828
                ],
                [
                    "jBn5I_d.o",
                    4738
                ],
                [
                    "BR1ap_d.o",
                    4986
                ],
                [
                    "Qn1Bu_d.o",
                    5392
                ],
                [
                    "mDYBC_d.o",
                    3750
                ],
                [
                    "qRsvF_d.o",
                    5096
                ],
                [
                    "bALUc_d.o",
                    5094
                ],
                [
                    "gqPSN_d.o",
                    7086
                ],
                [
                    "amcQwB.o",
                    43700
                ]
            ]
        }
    ],
    "CompUnits": {
        "pfRfR_d": {
            "mod": "topModuleV4_DW01_cmp6_1",
            "text": 4362,
            "out": "pfRfR_d.o",
            "bytes": 17868,
            "checksum": 0,
            "mode": 4,
            "archive": "archive.0/_14001_archive_1.a"
        },
        "BUfM8_d": {
            "mod": "HSR_INAND3_1",
            "text": 530,
            "out": "BUfM8_d.o",
            "bytes": 5036,
            "checksum": 0,
            "mode": 4,
            "archive": "archive.0/_14001_archive_1.a"
        },
        "amcQw_d": {
            "mod": "...MASTER...",
            "text": 378,
            "out": "objs/amcQw_d.o",
            "bytes": 4672,
            "checksum": 0,
            "mode": 4
        },
        "WGmBz_d": {
            "mod": "HSR_AOI222_0",
            "text": 962,
            "out": "WGmBz_d.o",
            "bytes": 5876,
            "checksum": 0,
            "mode": 4,
            "archive": "archive.0/_14001_archive_1.a"
        },
        "UALbL_d": {
            "mod": "HSR_CLKOR2_0",
            "text": 402,
            "out": "UALbL_d.o",
            "bytes": 4738,
            "checksum": 0,
            "mode": 4,
            "archive": "archive.0/_14001_archive_1.a"
        },
        "WwAaQ_d": {
            "mod": "HSR_AOI31_0",
            "text": 2148,
            "out": "WwAaQ_d.o",
            "bytes": 7574,
            "checksum": 0,
            "mode": 4,
            "archive": "archive.0/_14001_archive_1.a"
        },
        "KIzjF_d": {
            "mod": "HSR_IAO21_2",
            "text": 1076,
            "out": "KIzjF_d.o",
            "bytes": 5900,
            "checksum": 0,
            "mode": 4,
            "archive": "archive.0/_14001_archive_1.a"
        },
        "g3r5i_d": {
            "mod": "convModV3_1",
            "text": 8620,
            "out": "g3r5i_d.o",
            "bytes": 60212,
            "checksum": 0,
            "mode": 4,
            "archive": "archive.0/_14001_archive_1.a"
        },
        "Aw9A4_d": {
            "mod": "tb_topModuleV4",
            "text": 22867,
            "out": "Aw9A4_d.o",
            "bytes": 773726,
            "checksum": 0,
            "mode": 4,
            "archive": "archive.0/_14001_archive_1.a"
        },
        "cejZB_d": {
            "mod": "HSR_AOI211_0",
            "text": 512,
            "out": "cejZB_d.o",
            "bytes": 5096,
            "checksum": 0,
            "mode": 4,
            "archive": "archive.0/_14001_archive_1.a"
        },
        "Yv3Tv_d": {
            "mod": "convModV3_1_DW_mult_tc_9",
            "text": 3939,
            "out": "Yv3Tv_d.o",
            "bytes": 20246,
            "checksum": 0,
            "mode": 4,
            "archive": "archive.0/_14001_archive_1.a"
        },
        "jBn5I_d": {
            "mod": "HSR_OR2_2",
            "text": 402,
            "out": "jBn5I_d.o",
            "bytes": 4738,
            "checksum": 0,
            "mode": 4,
            "archive": "archive.0/_14001_archive_1.a"
        },
        "Yq73H_d": {
            "mod": "convModV3_1_DW_mult_tc_13",
            "text": 3939,
            "out": "Yq73H_d.o",
            "bytes": 20246,
            "checksum": 0,
            "mode": 4,
            "archive": "archive.0/_14001_archive_1.a"
        },
        "zjm4q_d": {
            "mod": "HSR_IOA21_0",
            "text": 892,
            "out": "zjm4q_d.o",
            "bytes": 5678,
            "checksum": 0,
            "mode": 4,
            "archive": "archive.0/_14001_archive_1.a"
        },
        "zFVmr_d": {
            "mod": "convModV3_1_DW_mult_tc_8",
            "text": 3939,
            "out": "zFVmr_d.o",
            "bytes": 20246,
            "checksum": 0,
            "mode": 4,
            "archive": "archive.0/_14001_archive_1.a"
        },
        "k1bs8_d": {
            "mod": "HSR_BUF_2",
            "text": 178,
            "out": "k1bs8_d.o",
            "bytes": 3750,
            "checksum": 0,
            "mode": 4,
            "archive": "archive.0/_14001_archive_1.a"
        },
        "taWzN_d": {
            "mod": "HSR_AD1_2",
            "text": 2244,
            "out": "taWzN_d.o",
            "bytes": 8498,
            "checksum": 0,
            "mode": 4,
            "archive": "archive.0/_14001_archive_1.a"
        },
        "VNQrJ_d": {
            "mod": "topModuleV4_DW01_cmp6_0",
            "text": 4362,
            "out": "VNQrJ_d.o",
            "bytes": 17868,
            "checksum": 0,
            "mode": 4,
            "archive": "archive.0/_14001_archive_1.a"
        },
        "rBDmh_d": {
            "mod": "convModV3_1_DW_mult_tc_7",
            "text": 3939,
            "out": "rBDmh_d.o",
            "bytes": 20246,
            "checksum": 0,
            "mode": 4,
            "archive": "archive.0/_14001_archive_1.a"
        },
        "qRsvF_d": {
            "mod": "HSR_XNOR2_1",
            "text": 550,
            "out": "qRsvF_d.o",
            "bytes": 5096,
            "checksum": 0,
            "mode": 4,
            "archive": "archive.0/_14001_archive_1.a"
        },
        "Qn1Bu_d": {
            "mod": "HSR_OR4_2",
            "text": 714,
            "out": "Qn1Bu_d.o",
            "bytes": 5392,
            "checksum": 0,
            "mode": 4,
            "archive": "archive.0/_14001_archive_1.a"
        },
        "NB0VB_d": {
            "mod": "convModV3_1_DW_mult_tc_4",
            "text": 3939,
            "out": "NB0VB_d.o",
            "bytes": 20246,
            "checksum": 0,
            "mode": 4,
            "archive": "archive.0/_14001_archive_1.a"
        },
        "vuGnt_d": {
            "mod": "HSR_AOI32_2",
            "text": 886,
            "out": "vuGnt_d.o",
            "bytes": 5816,
            "checksum": 0,
            "mode": 4,
            "archive": "archive.0/_14001_archive_1.a"
        },
        "RjA9M_d": {
            "mod": "convModV3_1_DW_mult_tc_1",
            "text": 3939,
            "out": "RjA9M_d.o",
            "bytes": 20246,
            "checksum": 0,
            "mode": 4,
            "archive": "archive.0/_14001_archive_1.a"
        },
        "Gy0ut_d": {
            "mod": "HSR_INOR4_1",
            "text": 487,
            "out": "Gy0ut_d.o",
            "bytes": 5104,
            "checksum": 0,
            "mode": 4,
            "archive": "archive.0/_14001_archive_1.a"
        },
        "GuMRe_d": {
            "mod": "convModV3_1_DW01_add_3",
            "text": 998,
            "out": "GuMRe_d.o",
            "bytes": 7790,
            "checksum": 0,
            "mode": 4,
            "archive": "archive.0/_14001_archive_1.a"
        },
        "Gu7gV_d": {
            "mod": "HSR_AND3_2",
            "text": 522,
            "out": "Gu7gV_d.o",
            "bytes": 4996,
            "checksum": 0,
            "mode": 4,
            "archive": "archive.0/_14001_archive_1.a"
        },
        "d2gHV_d": {
            "mod": "HSR_OAI22_2",
            "text": 658,
            "out": "d2gHV_d.o",
            "bytes": 5336,
            "checksum": 0,
            "mode": 4,
            "archive": "archive.0/_14001_archive_1.a"
        },
        "VnYE5_d": {
            "mod": "topModuleV4_DW01_add_1",
            "text": 190,
            "out": "VnYE5_d.o",
            "bytes": 7166,
            "checksum": 0,
            "mode": 4,
            "archive": "archive.0/_14001_archive_1.a"
        },
        "bALUc_d": {
            "mod": "HSR_XOR2_2",
            "text": 550,
            "out": "bALUc_d.o",
            "bytes": 5094,
            "checksum": 0,
            "mode": 4,
            "archive": "archive.0/_14001_archive_1.a"
        },
        "GIhy2_d": {
            "mod": "HSR_ADH1_2",
            "text": 742,
            "out": "GIhy2_d.o",
            "bytes": 5582,
            "checksum": 0,
            "mode": 4,
            "archive": "archive.0/_14001_archive_1.a"
        },
        "tZVIv_d": {
            "mod": "HSR_AND4_2",
            "text": 686,
            "out": "tZVIv_d.o",
            "bytes": 5312,
            "checksum": 0,
            "mode": 4,
            "archive": "archive.0/_14001_archive_1.a"
        },
        "uh6qc_d": {
            "mod": "HSR_OAI32_2",
            "text": 862,
            "out": "uh6qc_d.o",
            "bytes": 5828,
            "checksum": 0,
            "mode": 4,
            "archive": "archive.0/_14001_archive_1.a"
        },
        "PxwvP_d": {
            "mod": "HSR_AND2_2",
            "text": 402,
            "out": "PxwvP_d.o",
            "bytes": 4702,
            "checksum": 0,
            "mode": 4,
            "archive": "archive.0/_14001_archive_1.a"
        },
        "JLjxG_d": {
            "mod": "HSR_OAI31_2",
            "text": 2096,
            "out": "JLjxG_d.o",
            "bytes": 7522,
            "checksum": 0,
            "mode": 4,
            "archive": "archive.0/_14001_archive_1.a"
        },
        "HV1bi_d": {
            "mod": "HSR_AOI21_2",
            "text": 912,
            "out": "HV1bi_d.o",
            "bytes": 5696,
            "checksum": 0,
            "mode": 4,
            "archive": "archive.0/_14001_archive_1.a"
        },
        "C81TM_d": {
            "mod": "HSR_NAND3_1",
            "text": 514,
            "out": "C81TM_d.o",
            "bytes": 4988,
            "checksum": 0,
            "mode": 4,
            "archive": "archive.0/_14001_archive_1.a"
        },
        "bCvG7_d": {
            "mod": "HSR_AOI22_2",
            "text": 674,
            "out": "bCvG7_d.o",
            "bytes": 5298,
            "checksum": 0,
            "mode": 4,
            "archive": "archive.0/_14001_archive_1.a"
        },
        "h33S7_d": {
            "mod": "HSR_CLKNAND2_2",
            "text": 402,
            "out": "h33S7_d.o",
            "bytes": 4740,
            "checksum": 0,
            "mode": 4,
            "archive": "archive.0/_14001_archive_1.a"
        },
        "UHFkf_d": {
            "mod": "HSR_OAI222_1",
            "text": 934,
            "out": "UHFkf_d.o",
            "bytes": 5916,
            "checksum": 0,
            "mode": 4,
            "archive": "archive.0/_14001_archive_1.a"
        },
        "GTDi4_d": {
            "mod": "HSR_NAND4_2",
            "text": 690,
            "out": "GTDi4_d.o",
            "bytes": 5316,
            "checksum": 0,
            "mode": 4,
            "archive": "archive.0/_14001_archive_1.a"
        },
        "LWiTD_d": {
            "mod": "HSR_DQ_2",
            "text": 1923,
            "out": "LWiTD_d.o",
            "bytes": 7862,
            "checksum": 0,
            "mode": 4,
            "archive": "archive.0/_14001_archive_1.a"
        },
        "QSAHT_d": {
            "mod": "HSR_DX_1",
            "text": 4427,
            "out": "QSAHT_d.o",
            "bytes": 12498,
            "checksum": 0,
            "mode": 4,
            "archive": "archive.0/_14001_archive_1.a"
        },
        "kkK0C_d": {
            "mod": "HSR_INAND2_1",
            "text": 410,
            "out": "kkK0C_d.o",
            "bytes": 4780,
            "checksum": 0,
            "mode": 4,
            "archive": "archive.0/_14001_archive_1.a"
        },
        "DMvCc_d": {
            "mod": "HSR_OAI21_2",
            "text": 912,
            "out": "DMvCc_d.o",
            "bytes": 5734,
            "checksum": 0,
            "mode": 4,
            "archive": "archive.0/_14001_archive_1.a"
        },
        "NLKaa_d": {
            "mod": "HSR_INAND4_0",
            "text": 698,
            "out": "NLKaa_d.o",
            "bytes": 5356,
            "checksum": 0,
            "mode": 4,
            "archive": "archive.0/_14001_archive_1.a"
        },
        "AuLi3_d": {
            "mod": "HSR_INOR2_2",
            "text": 410,
            "out": "AuLi3_d.o",
            "bytes": 4778,
            "checksum": 0,
            "mode": 4,
            "archive": "archive.0/_14001_archive_1.a"
        },
        "Nn2JK_d": {
            "mod": "HSR_INOR3_1",
            "text": 526,
            "out": "Nn2JK_d.o",
            "bytes": 5032,
            "checksum": 0,
            "mode": 4,
            "archive": "archive.0/_14001_archive_1.a"
        },
        "A2e77_d": {
            "mod": "HSR_IN_2",
            "text": 178,
            "out": "A2e77_d.o",
            "bytes": 3750,
            "checksum": 0,
            "mode": 4,
            "archive": "archive.0/_14001_archive_1.a"
        },
        "EUt72_d": {
            "mod": "HSR_IOA22_0",
            "text": 650,
            "out": "EUt72_d.o",
            "bytes": 5312,
            "checksum": 0,
            "mode": 4,
            "archive": "archive.0/_14001_archive_1.a"
        },
        "FyPGu_d": {
            "mod": "HSR_NOR2_2",
            "text": 402,
            "out": "FyPGu_d.o",
            "bytes": 4738,
            "checksum": 0,
            "mode": 4,
            "archive": "archive.0/_14001_archive_1.a"
        },
        "qILF2_d": {
            "mod": "HSR_NOR3_2",
            "text": 514,
            "out": "qILF2_d.o",
            "bytes": 4988,
            "checksum": 0,
            "mode": 4,
            "archive": "archive.0/_14001_archive_1.a"
        },
        "MMnZ2_d": {
            "mod": "HSR_NOR4_1",
            "text": 690,
            "out": "MMnZ2_d.o",
            "bytes": 5316,
            "checksum": 0,
            "mode": 4,
            "archive": "archive.0/_14001_archive_1.a"
        },
        "cCN4b_d": {
            "mod": "HSR_OAI211_2",
            "text": 654,
            "out": "cCN4b_d.o",
            "bytes": 5316,
            "checksum": 0,
            "mode": 4,
            "archive": "archive.0/_14001_archive_1.a"
        },
        "BR1ap_d": {
            "mod": "HSR_OR3_0",
            "text": 514,
            "out": "BR1ap_d.o",
            "bytes": 4986,
            "checksum": 0,
            "mode": 4,
            "archive": "archive.0/_14001_archive_1.a"
        },
        "vN4w0_d": {
            "mod": "HSR_OAI221_0",
            "text": 3307,
            "out": "vN4w0_d.o",
            "bytes": 9050,
            "checksum": 0,
            "mode": 4,
            "archive": "archive.0/_14001_archive_1.a"
        },
        "mDYBC_d": {
            "mod": "HSR_PULL0_0",
            "text": 178,
            "out": "mDYBC_d.o",
            "bytes": 3750,
            "checksum": 0,
            "mode": 4,
            "archive": "archive.0/_14001_archive_1.a"
        },
        "gqPSN_d": {
            "mod": "HSR_XOR3_2",
            "text": 1604,
            "out": "gqPSN_d.o",
            "bytes": 7086,
            "checksum": 0,
            "mode": 4,
            "archive": "archive.0/_14001_archive_1.a"
        }
    },
    "reusePaths": {}
}